datetime,open,high,low,close,volume
,SQQQ,SQQQ,SQQQ,SQQQ,SQQQ
2020-11-19,491.5,495.0,475.25,476.75,1661040
2020-11-20,477.5,487.0,473.75,486.75,1397852
2020-11-23,481.5,498.5,475.0,486.5,1557856
2020-11-24,481.0,490.75,463.75,466.25,1814328
2020-11-25,461.5,465.75,454.5,457.25,1386344
2020-11-27,448.5,450.0,439.5,445.0,936520
2020-11-30,443.5,464.0,440.5,442.5,2151508
2020-12-01,432.25,437.0,417.5,424.75,2068584
2020-12-02,430.0,438.0,421.75,423.0,1582564
2020-12-03,422.25,424.5,414.75,421.25,1385552
2020-12-04,421.5,424.25,415.75,416.0,1230300
2020-12-07,415.5,416.25,407.75,409.0,1246728
2020-12-08,411.0,418.5,403.75,405.0,1360300
2020-12-09,405.75,437.0,404.75,432.25,3227428
2020-12-10,442.0,446.75,422.5,427.5,2534852
2020-12-11,434.5,444.75,429.75,430.0,2167736
2020-12-14,425.0,425.25,412.25,420.5,1690608
2020-12-15,411.25,420.75,407.5,407.5,1529508
2020-12-16,405.75,410.0,397.5,400.75,1590776
2020-12-17,394.25,399.0,391.75,392.5,1219996
2020-12-18,390.25,405.5,389.25,396.25,1897184
2020-12-21,407.75,418.75,396.25,398.75,2764284
2020-12-22,395.0,406.5,391.5,395.25,1845916
2020-12-23,395.25,401.75,393.75,401.0,1303796
2020-12-24,400.0,400.5,394.0,395.75,789324
2020-12-28,385.5,392.75,382.0,383.75,1550740
2020-12-29,379.0,386.5,376.5,382.75,1956568
2020-12-30,378.5,385.25,377.25,382.75,1127832
2020-12-31,383.0,387.25,378.5,379.5,1434716
2021-01-04,375.0,411.25,374.5,396.0,3580612
2021-01-05,400.0,400.0,385.75,386.25,2023864
2021-01-06,404.0,408.25,386.0,402.25,4114176
2021-01-07,391.5,391.5,369.75,372.25,2404524
2021-01-08,364.75,372.75,357.25,358.5,3487648
2021-01-11,368.75,376.25,364.5,374.0,2697564
2021-01-12,373.75,385.5,369.75,375.5,2232304
2021-01-13,375.0,377.0,365.25,368.5,1678620
2021-01-14,366.5,375.75,363.0,374.0,1418112
2021-01-15,375.25,387.5,371.25,383.0,2463412
2021-01-19,374.0,378.25,364.25,366.0,1790676
2021-01-20,353.25,354.75,337.5,340.75,2622912
2021-01-21,336.75,340.75,330.0,332.0,1860568
2021-01-22,335.75,337.5,332.0,335.0,1483404
2021-01-25,324.5,347.75,320.25,325.75,4058860
2021-01-26,324.75,329.75,322.0,325.25,1806648
2021-01-27,332.25,358.75,332.25,351.75,4316244
2021-01-28,348.75,350.75,329.5,346.25,3285708
2021-01-29,351.75,374.25,348.25,367.75,4447888
2021-02-01,355.75,363.0,337.25,340.25,3361576
2021-02-02,331.0,331.5,320.25,324.25,2320136
2021-02-03,317.75,328.0,316.75,327.5,2128384
2021-02-04,323.25,327.75,316.0,316.0,1883748
2021-02-05,313.5,318.5,310.0,312.75,1874012
2021-02-08,308.0,313.0,306.25,306.5,1765060
2021-02-09,309.5,309.5,303.5,306.75,1879292
2021-02-10,302.75,318.0,301.5,308.75,3784172
2021-02-11,304.5,311.0,302.75,303.75,2784668
2021-02-12,306.0,309.25,298.25,299.0,1928932
2021-02-16,296.5,304.5,294.0,301.0,2239800
2021-02-17,309.5,315.75,304.75,305.5,3199448
2021-02-18,315.75,320.75,307.5,309.5,3501808
2021-02-19,305.5,316.5,305.25,313.5,2632192
2021-02-22,326.25,338.5,322.5,338.0,4123808
2021-02-23,355.25,374.0,335.5,340.75,7748084
2021-02-24,350.0,358.5,331.25,332.25,4630820
2021-02-25,341.0,372.25,332.75,367.5,7597404
2021-02-26,356.5,374.0,345.0,362.0,8660288
2021-03-01,344.5,349.5,328.5,329.75,3828192
2021-03-02,328.0,346.5,327.5,345.5,3073636
2021-03-03,349.5,376.0,346.25,375.5,6573924
2021-03-04,377.25,409.0,365.25,394.0,12953588
2021-03-05,383.5,419.5,372.5,376.0,12133520
2021-03-08,378.25,409.5,371.0,408.0,7388160
2021-03-09,377.5,379.5,351.75,359.75,6346224
2021-03-10,344.5,365.25,343.25,362.5,5315836
2021-03-11,345.5,348.75,331.25,337.25,4479296
2021-03-12,350.75,358.75,345.25,345.5,3929336
2021-03-15,344.75,350.25,334.0,334.5,2495980
2021-03-16,327.25,333.75,317.75,329.0,3716376
2021-03-17,338.75,344.25,319.0,325.0,4785128
2021-03-18,340.25,356.25,337.0,354.75,4053128
2021-03-19,355.5,363.0,345.5,350.25,4780888
2021-03-22,342.75,342.75,324.25,331.25,3313688
2021-03-23,328.0,338.25,323.5,335.75,4058200
2021-03-24,331.0,353.25,331.0,352.5,3766032
2021-03-25,359.25,368.0,349.0,354.25,5574800
2021-03-26,355.25,360.25,337.5,338.25,4340308
2021-03-29,340.25,350.0,335.25,338.75,3755064
2021-03-30,345.25,353.0,342.0,343.75,2600116
2021-03-31,338.0,339.0,322.75,328.0,3226180
2021-04-01,316.0,316.75,310.75,311.0,2919040
2021-04-05,303.75,304.5,290.25,292.75,2774104
2021-04-06,293.5,295.25,287.75,293.5,2239848
2021-04-07,294.25,297.0,288.75,291.0,2203144
2021-04-08,283.25,285.5,281.5,281.75,2103792
2021-04-09,285.5,287.25,276.25,276.75,2947088
2021-04-12,279.25,282.75,276.75,278.0,1938872
2021-04-13,273.75,274.5,267.0,268.0,2333116
2021-04-14,267.5,279.75,267.25,277.75,2706996
2021-04-15,270.25,270.75,264.0,264.75,3028960
2021-04-16,264.25,268.5,263.5,264.0,1999800
2021-04-19,268.0,276.0,265.0,271.5,3195316
2021-04-20,272.75,282.25,269.75,277.25,2877744
2021-04-21,280.5,283.25,269.5,270.0,2551152
2021-04-22,271.0,282.75,268.5,279.75,4324064
2021-04-23,278.0,278.25,265.75,269.25,2432760
2021-04-26,268.5,270.5,263.25,263.75,2484876
2021-04-27,263.0,269.75,262.75,267.25,2425428
2021-04-28,268.0,271.75,265.75,270.25,1825132
2021-04-29,262.0,275.25,261.0,267.0,2672240
2021-04-30,273.25,274.75,267.0,272.25,2157892
2021-05-03,269.5,278.0,267.5,276.5,1817040
2021-05-04,283.25,301.5,282.25,291.5,5179052
2021-05-05,286.0,296.75,283.75,294.5,2480532
2021-05-06,295.5,301.5,287.5,288.0,3231272
2021-05-07,280.25,283.75,274.5,280.75,3031292
2021-05-10,284.25,302.5,284.0,302.0,2710724
2021-05-11,319.0,321.0,301.0,303.0,5185236
2021-05-12,317.5,329.25,310.75,326.5,6474776
2021-05-13,317.5,326.75,309.75,319.25,4697936
2021-05-14,309.25,311.0,295.25,298.25,3495000
2021-05-17,303.0,311.5,301.0,303.5,2759232
2021-05-18,300.5,310.5,297.25,309.5,2332948
2021-05-19,325.5,326.75,307.5,308.5,4450560
2021-05-20,304.25,304.75,288.0,290.5,3328852
2021-05-21,286.25,296.5,285.0,295.25,2420868
2021-05-24,289.0,290.0,277.25,280.25,2293960
2021-05-25,276.25,282.5,274.5,279.0,2203136
2021-05-26,277.75,279.5,275.0,276.25,1759152
2021-05-27,277.25,280.0,275.25,279.5,1772604
2021-05-28,276.25,277.5,272.75,276.75,1798548
2021-06-01,273.5,283.0,272.0,279.5,2367284
2021-06-02,278.5,282.25,275.75,278.0,1999524
2021-06-03,285.25,291.0,282.0,286.75,2541220
2021-06-04,281.75,282.0,270.75,271.75,3147884
2021-06-07,273.5,275.0,269.25,269.5,2062932
2021-06-08,265.0,273.25,262.75,269.25,2619888
2021-06-09,265.5,269.25,263.75,268.75,1671312
2021-06-10,268.0,269.25,260.0,260.25,3885124
2021-06-11,260.25,262.0,258.25,258.25,1576076
2021-06-14,257.5,260.25,251.0,251.0,1867852
2021-06-15,251.5,257.5,251.0,255.75,2261968
2021-06-16,254.75,266.75,252.25,258.75,4062332
2021-06-17,261.0,261.25,246.5,248.75,4112968
2021-06-18,252.25,256.25,249.75,254.5,3262736
2021-06-21,254.25,259.25,249.0,250.0,2444036
2021-06-22,250.25,251.0,241.75,243.0,2956380
2021-06-23,242.75,244.25,240.0,242.5,2088188
2021-06-24,238.25,239.5,234.75,238.0,2814876
2021-06-25,236.75,240.25,236.25,238.5,2367556
2021-06-28,236.25,236.25,229.75,230.0,2396108
2021-06-29,230.5,232.25,227.5,227.5,2068804
2021-06-30,228.0,229.75,227.25,228.5,1809556
2021-07-01,229.5,232.0,227.5,228.5,1873372
2021-07-02,224.75,225.25,220.0,220.5,2263404
2021-07-06,219.25,224.5,217.0,218.0,3761200
2021-07-07,213.5,220.0,213.0,216.25,3978756
2021-07-08,225.5,228.0,218.5,220.25,4410368
2021-07-09,221.5,222.5,215.25,216.0,2580784
2021-07-12,213.25,216.5,212.75,213.75,2094824
2021-07-13,214.25,215.0,208.0,213.75,4161372
2021-07-14,209.25,214.0,208.0,212.5,3883128
2021-07-15,212.5,220.5,212.25,216.75,4504420
2021-07-16,215.0,222.75,213.5,222.0,3304720
2021-07-19,228.75,232.5,226.5,227.5,5344548
2021-07-20,225.5,229.25,216.75,219.75,3698524
2021-07-21,220.5,220.75,214.5,214.5,2275708
2021-07-22,214.25,214.25,210.0,210.0,2474892
2021-07-23,207.75,210.0,202.25,203.0,3433376
2021-07-26,204.0,205.5,201.75,202.5,2352620
2021-07-27,202.75,216.25,202.75,209.0,5034244
2021-07-28,207.25,211.0,203.75,206.5,4180028
2021-07-29,207.5,207.5,203.5,205.25,2576224
2021-07-30,212.25,212.5,207.75,208.5,3202344
2021-08-02,205.75,209.75,204.75,208.5,2880688
2021-08-03,207.5,213.25,204.75,204.75,3286728
2021-08-04,205.0,206.75,202.25,203.75,2792828
2021-08-05,202.75,203.75,199.75,200.0,2174640
2021-08-06,202.0,204.5,200.5,202.5,2691004
2021-08-09,201.75,203.75,200.75,201.75,2661640
2021-08-10,200.75,206.75,200.25,204.75,3129292
2021-08-11,202.5,208.0,201.5,205.5,3130128
2021-08-12,206.5,209.0,202.75,203.25,2287328
2021-08-13,203.0,203.75,200.75,201.25,1836604
2021-08-16,203.25,209.75,201.0,201.0,3671864
2021-08-17,205.5,210.5,204.0,206.5,5813920
2021-08-18,207.5,213.0,204.75,212.5,4654996
2021-08-19,216.0,216.25,206.25,209.0,5269816
2021-08-20,207.5,208.0,202.0,202.5,3608136
2021-08-23,200.75,201.0,192.5,193.5,3660724
2021-08-24,192.5,193.5,190.75,191.75,2419520
2021-08-25,191.5,192.75,190.25,191.5,2483336
2021-08-26,192.5,195.5,191.25,194.75,3855324
2021-08-27,193.75,194.5,188.25,189.25,2964116
2021-08-30,188.0,188.0,182.0,182.5,3229752
2021-08-31,182.5,185.5,182.25,183.0,3121712
2021-09-01,181.5,182.5,179.25,182.25,3138908
2021-09-02,180.5,184.25,179.75,182.75,3426060
2021-09-03,184.0,184.25,180.25,180.75,2851476
2021-09-07,180.5,182.5,179.0,179.75,2619760
2021-09-08,180.5,185.25,180.25,182.0,3502200
2021-09-09,181.75,184.25,180.0,183.75,3637556
2021-09-10,181.25,188.5,180.0,188.25,3890208
2021-09-13,184.5,191.5,183.75,188.5,5409332
2021-09-14,186.0,191.5,184.75,190.0,4482080
2021-09-15,189.25,192.75,185.0,185.5,3567152
2021-09-16,187.5,190.75,184.5,185.5,3324008
2021-09-17,186.0,193.5,186.0,192.0,4647236
2021-09-20,200.75,211.25,198.25,203.75,6385724
2021-09-21,200.5,205.0,198.5,203.25,4661344
2021-09-22,201.25,203.25,194.75,197.25,4463456
2021-09-23,195.25,196.5,190.0,191.75,3418912
2021-09-24,195.5,196.0,190.5,191.0,2902564
2021-09-27,196.25,199.75,194.5,195.75,3257380
2021-09-28,203.5,213.25,202.25,212.25,6413560
2021-09-29,210.0,214.75,206.25,213.5,4942140
2021-09-30,210.75,216.5,207.5,215.75,5513996
2021-10-01,214.75,222.25,209.75,211.75,4564348
2021-10-04,214.75,229.25,214.0,225.0,5466208
2021-10-05,223.0,223.5,211.5,215.75,4685356
2021-10-06,222.0,223.75,211.25,211.75,5834296
2021-10-07,206.0,207.25,201.25,205.75,4160372
2021-10-08,204.0,210.0,203.5,209.25,3577908
2021-10-11,211.75,214.0,205.5,213.75,4176212
2021-10-12,211.25,217.25,210.25,215.75,4237520
2021-10-13,211.75,215.5,209.5,210.75,3580632
2021-10-14,204.25,205.5,198.75,199.0,3627096
2021-10-15,197.0,199.0,195.25,195.25,2499960
2021-10-18,197.5,198.5,189.25,189.25,2977280
2021-10-19,187.75,189.0,185.0,185.5,2813924
2021-10-20,184.5,188.25,183.5,185.75,2968180
2021-10-21,187.0,187.75,182.25,182.5,2670696
2021-10-22,184.5,189.75,182.75,187.0,3722768
2021-10-25,185.0,188.0,179.75,181.25,3309120
2021-10-26,178.0,181.5,174.5,179.75,5228928
2021-10-27,179.0,179.5,173.75,178.25,4535248
2021-10-28,175.75,176.75,172.0,172.5,3950280
2021-10-29,176.75,177.25,169.5,169.75,4089032
2021-11-01,169.25,172.25,168.0,168.25,3690484
2021-11-02,168.75,169.0,165.25,165.75,3144112
2021-11-03,165.25,166.75,160.0,160.5,4821744
2021-11-04,159.0,159.75,153.25,154.75,5948856
2021-11-05,152.25,155.75,151.25,154.25,5946932
2021-11-08,154.25,155.5,152.75,154.75,4029588
2021-11-09,153.5,159.5,153.0,157.75,6440100
2021-11-10,161.25,167.25,157.75,165.0,8139512
2021-11-11,161.0,164.0,160.5,163.25,3830012
2021-11-12,161.75,164.0,157.5,158.0,4618184
2021-11-15,157.0,161.5,156.25,158.25,5078288
2021-11-16,159.25,159.5,154.25,154.75,3748960
2021-11-17,154.75,156.0,152.25,154.75,3778628
2021-11-18,152.25,155.0,149.25,149.75,5693792
2021-11-19,148.0,149.0,146.0,147.25,4922392
2021-11-22,145.75,152.75,142.25,152.75,6321952
2021-11-23,154.0,160.0,151.5,154.75,8234220
2021-11-24,157.5,160.5,152.75,153.0,5764900
2021-11-26,156.25,163.5,154.5,161.5,5850500
2021-11-29,155.75,157.0,149.75,151.25,5848284
2021-11-30,152.25,160.25,149.5,157.75,7718904
2021-12-01,152.5,166.5,149.75,166.25,8283028
2021-12-02,167.75,169.5,159.75,162.25,9900112
2021-12-03,160.5,176.0,159.25,170.5,10254504
2021-12-06,170.25,175.75,164.75,166.5,7019468
2021-12-07,157.75,158.0,150.75,151.25,7858276
2021-12-08,151.0,153.5,149.25,149.5,6721228
2021-12-09,151.0,156.25,148.75,155.75,7900284
2021-12-10,152.5,156.5,150.5,150.75,7757124
2021-12-13,150.75,158.0,150.75,157.5,6446024
2021-12-14,163.25,167.75,160.0,162.25,7328900
2021-12-15,162.75,167.75,150.75,151.5,9651480
2021-12-16,150.0,164.75,149.5,162.5,9130312
2021-12-17,167.5,169.25,159.75,165.0,8234576
2021-12-20,171.75,174.25,169.0,170.0,7617976
2021-12-21,165.5,170.75,158.25,158.5,6405876
2021-12-22,159.0,160.0,152.5,153.0,5229056
2021-12-23,152.5,152.75,147.5,149.5,4798524
2021-12-27,148.0,148.0,142.0,142.25,4069200
2021-12-28,141.25,145.0,140.75,143.75,5004472
2021-12-29,143.5,146.75,142.25,144.0,5040292
2021-12-30,144.25,146.0,141.75,145.25,3048932
2021-12-31,146.0,148.5,144.5,148.5,3732220
2022-01-03,146.75,149.0,143.5,143.5,5308664
2022-01-04,143.0,152.75,143.0,149.25,7556940
2022-01-05,151.0,163.25,149.75,163.25,9424716
2022-01-06,165.5,168.25,159.0,163.5,8488304
2022-01-07,163.5,171.0,161.0,168.5,9092064
2022-01-10,175.25,182.75,167.5,167.75,10878204
2022-01-11,169.5,172.25,160.5,160.75,9905348
2022-01-12,157.5,161.75,155.25,158.5,9360524
2022-01-13,157.10000610351562,171.89999389648438,156.1999969482422,170.3000030517578,12315060
2022-01-14,174.3000030517578,174.4499969482422,167.0,167.5,12652120
2022-01-18,175.3000030517578,180.9499969482422,172.4499969482422,179.5,11428240
2022-01-19,177.5500030517578,186.1999969482422,173.8000030517578,185.75,10714860
2022-01-20,180.8000030517578,193.89999389648438,174.5500030517578,193.0500030517578,12453820
2022-01-21,196.64999389648438,209.5500030517578,192.25,208.9499969482422,18443920
2022-01-24,219.5,240.39999389648438,205.0,206.35000610351562,25011320
2022-01-25,217.85000610351562,226.5,210.1999969482422,220.39999389648438,18620400
2022-01-26,205.4499969482422,228.8000030517578,197.85000610351562,220.75,20689040
2022-01-27,212.25,230.14999389648438,208.75,228.0,16208700
2022-01-28,224.25,234.5,206.25,206.60000610351562,16079020
2022-01-31,204.10000610351562,207.10000610351562,185.75,186.89999389648438,13247040
2022-02-01,184.60000610351562,192.75,181.85000610351562,182.89999389648438,11504040
2022-02-02,176.5,184.8000030517578,176.10000610351562,178.5500030517578,15574840
2022-02-03,192.8000030517578,201.6999969482422,188.0,199.8000030517578,15474320
2022-02-04,199.14999389648438,202.75,186.64999389648438,192.75,15657720
2022-02-07,191.3000030517578,199.10000610351562,187.4499969482422,196.8000030517578,11044660
2022-02-08,199.0500030517578,200.89999389648438,188.5,190.39999389648438,13733040
2022-02-09,183.0,185.60000610351562,178.14999389648438,178.3000030517578,12793960
2022-02-10,188.75,193.0500030517578,178.60000610351562,190.14999389648438,24462340
2022-02-11,190.3000030517578,210.39999389648438,187.64999389648438,208.10000610351562,23597280
2022-02-14,209.60000610351562,214.14999389648438,201.39999389648438,207.60000610351562,22048020
2022-02-15,198.0,199.9499969482422,191.8000030517578,192.25,16286360
2022-02-16,195.75,201.0,190.64999389648438,192.39999389648438,16054500
2022-02-17,197.75,210.1999969482422,196.5500030517578,209.4499969482422,15629480
2022-02-18,207.75,221.0,207.0500030517578,216.4499969482422,23578680
2022-02-22,222.4499969482422,230.35000610351562,211.85000610351562,223.0,22564860
2022-02-23,216.85000610351562,240.9499969482422,215.10000610351562,240.0500030517578,21023700
2022-02-24,263.5,264.3500061035156,214.9499969482422,216.60000610351562,29670100
2022-02-25,214.5,222.0,205.64999389648438,205.85000610351562,17069140
2022-02-28,211.75,213.89999389648438,201.0,203.64999389648438,22543340
2022-03-01,205.9499969482422,217.89999389648438,201.89999389648438,213.25,22611500
2022-03-02,210.60000610351562,215.85000610351562,200.3000030517578,202.89999389648438,16394440
2022-03-03,197.9499969482422,214.6999969482422,197.75,211.35000610351562,17900280
2022-03-04,215.89999389648438,225.0,213.1999969482422,220.5500030517578,19287680
2022-03-07,220.5500030517578,245.4499969482422,218.3000030517578,245.0500030517578,20217320
2022-03-08,246.8000030517578,256.1000061035156,226.0,248.35000610351562,26503240
2022-03-09,229.0,235.14999389648438,218.39999389648438,221.8000030517578,17684140
2022-03-10,229.85000610351562,238.0,226.4499969482422,228.85000610351562,16014200
2022-03-11,222.6999969482422,244.14999389648438,221.9499969482422,242.6999969482422,14845460
2022-03-14,246.10000610351562,258.75,238.1999969482422,256.95001220703125,16521820
2022-03-15,250.64999389648438,254.5500030517578,231.0,233.1999969482422,18037280
2022-03-16,224.5,232.3000030517578,206.75,206.89999389648438,22819040
2022-03-17,210.5500030517578,212.9499969482422,199.5,199.60000610351562,14687740
2022-03-18,202.4499969482422,204.5,186.64999389648438,187.4499969482422,19858620
2022-03-21,188.5500030517578,195.89999389648438,184.89999389648438,188.6999969482422,20735360
2022-03-22,187.85000610351562,188.5,176.14999389648438,177.64999389648438,17161980
2022-03-23,182.0,185.25,176.5,185.14999389648438,20054740
2022-03-24,182.10000610351562,185.60000610351562,172.85000610351562,172.9499969482422,16509720
2022-03-25,173.10000610351562,179.6999969482422,171.4499969482422,173.25,19322860
2022-03-28,173.35000610351562,175.1999969482422,165.10000610351562,165.3000030517578,15985580
2022-03-29,159.89999389648438,163.64999389648438,155.85000610351562,156.85000610351562,17654960
2022-03-30,159.14999389648438,163.89999389648438,157.0,161.60000610351562,17493760
2022-03-31,161.75,169.0500030517578,161.25,168.35000610351562,17087580
2022-04-01,167.5500030517578,173.5,166.39999389648438,168.89999389648438,18046020
2022-04-04,167.6999969482422,168.10000610351562,158.5,158.5500030517578,11590160
2022-04-05,160.35000610351562,170.5,159.4499969482422,168.85000610351562,16008080
2022-04-06,176.6999969482422,183.85000610351562,175.10000610351562,179.89999389648438,24495160
2022-04-07,181.5500030517578,187.0500030517578,175.3000030517578,178.6999969482422,20502700
2022-04-08,181.4499969482422,187.1999969482422,180.3000030517578,186.0,17248420
2022-04-11,193.3000030517578,200.0,191.6999969482422,199.1999969482422,16874120
2022-04-12,190.85000610351562,204.5500030517578,187.5500030517578,201.9499969482422,22069840
2022-04-13,201.4499969482422,202.75,187.85000610351562,189.8000030517578,15855140
2022-04-14,189.5500030517578,203.10000610351562,188.60000610351562,202.6999969482422,16269200
2022-04-18,204.64999389648438,207.5,198.0,201.89999389648438,17544180
2022-04-19,203.4499969482422,205.3000030517578,187.6999969482422,188.85000610351562,14939740
2022-04-20,187.25,199.0500030517578,186.60000610351562,197.1999969482422,17884080
2022-04-21,190.10000610351562,210.89999389648438,185.5,209.0,23153460
2022-04-22,209.0,226.5,206.60000610351562,225.6999969482422,24704180
2022-04-25,229.1999969482422,231.85000610351562,216.3000030517578,216.89999389648438,27106580
2022-04-26,221.10000610351562,242.0500030517578,220.75,241.0,25386080
2022-04-27,241.3000030517578,246.39999389648438,228.3000030517578,242.3000030517578,29149700
2022-04-28,230.60000610351562,240.5500030517578,212.25,216.75,28618700
2022-04-29,225.1999969482422,247.0500030517578,218.10000610351562,245.14999389648438,25077340
2022-05-02,246.8000030517578,254.35000610351562,233.0,233.1999969482422,32143900
2022-05-03,233.5,238.9499969482422,227.60000610351562,232.64999389648438,23830860
2022-05-04,231.64999389648438,243.5500030517578,207.64999389648438,208.9499969482422,32901560
2022-05-05,217.64999389648438,247.0500030517578,217.39999389648438,239.75,35047340
2022-05-06,245.5,258.95001220703125,235.85000610351562,249.0500030517578,40129020
2022-05-09,263.3500061035156,281.95001220703125,257.25,278.04998779296875,33023160
2022-05-10,257.79998779296875,280.1000061035156,254.39999389648438,268.25,37789260
2022-05-11,274.6000061035156,294.6000061035156,259.54998779296875,292.1499938964844,34907660
2022-05-12,305.54998779296875,313.04998779296875,280.45001220703125,293.79998779296875,35137260
2022-05-13,280.54998779296875,285.54998779296875,258.3999938964844,262.20001220703125,25288240
2022-05-16,266.25,274.0,260.8500061035156,270.25,22020060
2022-05-17,254.35000610351562,264.95001220703125,248.64999389648438,249.75,23920280
2022-05-18,261.0,289.6000061035156,259.20001220703125,286.04998779296875,26077080
2022-05-19,292.04998779296875,297.0,276.70001220703125,291.29998779296875,32020000
2022-05-20,280.20001220703125,319.29998779296875,278.20001220703125,293.6499938964844,34343540
2022-05-23,290.5,297.95001220703125,278.0,279.04998779296875,22180960
2022-05-24,294.3999938964844,311.1499938964844,292.29998779296875,296.70001220703125,27696060
2022-05-25,301.6000061035156,302.29998779296875,277.75,284.5,21876620
2022-05-26,286.6499938964844,287.6000061035156,256.1000061035156,260.79998779296875,19816980
2022-05-27,252.35000610351562,252.60000610351562,234.85000610351562,235.0500030517578,19580580
2022-05-31,235.10000610351562,246.0500030517578,230.10000610351562,236.5500030517578,24556640
2022-06-01,231.9499969482422,247.5,226.9499969482422,242.5,25058720
2022-06-02,245.0500030517578,248.5,222.0,222.5,22157360
2022-06-03,233.75,242.5,230.64999389648438,239.8000030517578,24972040
2022-06-06,229.0500030517578,241.10000610351562,225.25,237.25,19921080
2022-06-07,245.3000030517578,247.85000610351562,229.35000610351562,231.25,19218780
2022-06-08,233.0500030517578,238.10000610351562,226.89999389648438,236.0,15216560
2022-06-09,240.1999969482422,255.5500030517578,233.0,255.14999389648438,22375080
2022-06-10,269.8500061035156,283.3999938964844,266.79998779296875,282.6000061035156,27765320
2022-06-13,309.04998779296875,324.20001220703125,301.29998779296875,321.04998779296875,31146000
2022-06-14,313.3500061035156,328.79998779296875,310.1499938964844,319.1499938964844,24115740
2022-06-15,307.6000061035156,317.3999938964844,281.8999938964844,295.8500061035156,28404520
2022-06-16,318.75,338.45001220703125,317.1499938964844,330.45001220703125,26021200
2022-06-17,328.8999938964844,335.20001220703125,310.45001220703125,319.79998779296875,24576320
2022-06-21,303.79998779296875,304.1499938964844,287.5,295.8999938964844,16380560
2022-06-22,303.95001220703125,305.70001220703125,282.79998779296875,296.95001220703125,20297800
2022-06-23,289.0,298.20001220703125,281.1000061035156,284.25,20156580
2022-06-24,275.3500061035156,275.95001220703125,255.0,255.0500030517578,17340180
2022-06-27,250.89999389648438,263.20001220703125,249.5500030517578,260.0,16862160
2022-06-28,258.8999938964844,284.54998779296875,251.6999969482422,283.8500061035156,23470680
2022-06-29,284.6000061035156,292.1499938964844,278.54998779296875,283.25,22375040
2022-06-30,292.3999938964844,307.3500061035156,283.1000061035156,294.20001220703125,28186380
2022-07-01,298.1000061035156,304.20001220703125,286.8500061035156,288.1000061035156,21037220
2022-07-05,299.8999938964844,304.70001220703125,273.1000061035156,273.29998779296875,22458380
2022-07-06,272.29998779296875,277.25,262.0,268.25,18371680
2022-07-07,265.70001220703125,265.70001220703125,249.0500030517578,251.39999389648438,15807280
2022-07-08,258.54998779296875,260.95001220703125,246.5500030517578,250.1999969482422,20357280
2022-07-11,256.54998779296875,268.45001220703125,255.8000030517578,266.20001220703125,17792080
2022-07-12,262.79998779296875,278.3999938964844,257.25,273.8999938964844,20643320
2022-07-13,290.25,291.79998779296875,268.6499938964844,275.6000061035156,27419000
2022-07-14,283.5,292.54998779296875,270.20001220703125,272.6499938964844,22933700
2022-07-15,263.79998779296875,268.79998779296875,257.6499938964844,258.20001220703125,19882640
2022-07-18,250.39999389648438,267.54998779296875,246.60000610351562,264.45001220703125,22042300
2022-07-19,254.3000030517578,258.8500061035156,239.3000030517578,240.75,20246140
2022-07-20,239.10000610351562,241.0,225.75,228.8000030517578,23832120
2022-07-21,227.75,233.85000610351562,218.89999389648438,219.0,23896080
2022-07-22,221.0,234.5,216.4499969482422,230.39999389648438,24281500
2022-07-25,230.5,239.1999969482422,229.35000610351562,234.14999389648438,18908420
2022-07-26,238.60000610351562,250.25,238.0500030517578,248.10000610351562,18318200
2022-07-27,236.4499969482422,238.0,212.35000610351562,217.35000610351562,25817980
2022-07-28,217.39999389648438,225.5,209.35000610351562,210.64999389648438,22513020
2022-07-29,207.35000610351562,210.35000610351562,197.25,199.14999389648438,23663860
2022-08-01,202.60000610351562,204.6999969482422,192.8000030517578,199.4499969482422,25078360
2022-08-02,204.0500030517578,206.0500030517578,193.3000030517578,201.39999389648438,28799640
2022-08-03,198.0,198.1999969482422,183.3000030517578,185.3000030517578,24865760
2022-08-04,184.9499969482422,188.6999969482422,181.89999389648438,182.5,23773880
2022-08-05,191.35000610351562,192.64999389648438,183.4499969482422,186.89999389648438,27334680
2022-08-08,185.25,191.39999389648438,178.8000030517578,188.75,24184020
2022-08-09,192.3000030517578,198.1999969482422,191.75,195.10000610351562,22179780
2022-08-10,181.4499969482422,186.10000610351562,178.39999389648438,179.14999389648438,21792140
2022-08-11,175.10000610351562,183.3000030517578,171.6999969482422,181.6999969482422,24696020
2022-08-12,178.5500030517578,180.75,171.14999389648438,171.4499969482422,18104040
2022-08-15,173.0,173.10000610351562,166.5,167.25,17785320
2022-08-16,168.85000610351562,173.25,165.25,168.4499969482422,21785940
2022-08-17,173.39999389648438,177.5500030517578,169.8000030517578,174.39999389648438,25454660
2022-08-18,174.5500030517578,177.14999389648438,171.1999969482422,173.1999969482422,18046840
2022-08-19,178.14999389648438,184.60000610351562,177.10000610351562,183.3000030517578,21468100
2022-08-22,190.9499969482422,199.3000030517578,190.4499969482422,197.6999969482422,21098140
2022-08-23,198.4499969482422,199.89999389648438,192.89999389648438,198.39999389648438,20778700
2022-08-24,199.35000610351562,200.5,193.14999389648438,196.6999969482422,16080600
2022-08-25,193.39999389648438,195.4499969482422,186.39999389648438,186.5,17322060
2022-08-26,186.9499969482422,209.5500030517578,184.8000030517578,209.3000030517578,33275700
2022-08-29,215.39999389648438,217.9499969482422,210.0,215.60000610351562,26614200
2022-08-30,212.10000610351562,228.4499969482422,210.8000030517578,222.64999389648438,31192040
2022-08-31,216.1999969482422,227.10000610351562,214.25,226.9499969482422,27131540
2022-09-01,232.89999389648438,241.39999389648438,225.8000030517578,226.60000610351562,33394000
2022-09-02,220.0500030517578,240.1999969482422,216.89999389648438,236.14999389648438,35535480
2022-09-06,235.39999389648438,246.89999389648438,233.0500030517578,241.4499969482422,29433620
2022-09-07,240.5500030517578,241.0500030517578,224.4499969482422,227.10000610351562,24423020
2022-09-08,231.89999389648438,235.0,220.5,223.4499969482422,30361480
2022-09-09,218.5500030517578,218.5500030517578,207.85000610351562,209.1999969482422,27190900
2022-09-12,206.0500030517578,206.75,200.85000610351562,201.5500030517578,23917280
2022-09-13,219.0500030517578,236.5500030517578,216.60000610351562,234.8000030517578,36144780
2022-09-14,231.9499969482422,236.25,226.9499969482422,229.1999969482422,29117300
2022-09-15,233.89999389648438,244.5,228.10000610351562,240.6999969482422,33251700
2022-09-16,249.35000610351562,254.4499969482422,244.1999969482422,245.60000610351562,35396840
2022-09-19,252.0500030517578,252.3000030517578,239.14999389648438,239.60000610351562,24249120
2022-09-20,245.85000610351562,251.14999389648438,239.60000610351562,245.39999389648438,23830700
2022-09-21,243.14999389648438,258.95001220703125,232.0500030517578,258.8999938964844,36141200
2022-09-22,263.1499938964844,271.75,260.20001220703125,268.3999938964844,30381580
2022-09-23,275.6499938964844,291.54998779296875,274.79998779296875,281.29998779296875,34756140
2022-09-26,283.1499938964844,287.5,269.29998779296875,284.8500061035156,32631080
2022-09-27,274.20001220703125,292.20001220703125,266.79998779296875,284.6499938964844,30065840
2022-09-28,284.8500061035156,289.70001220703125,263.8500061035156,268.3999938964844,27074600
2022-09-29,279.79998779296875,300.1000061035156,278.70001220703125,290.75,32208100
2022-09-30,294.1499938964844,306.75,280.79998779296875,306.6000061035156,31823140
2022-10-03,300.0,305.45001220703125,279.20001220703125,284.8500061035156,25261220
2022-10-04,267.6499938964844,267.75,255.8000030517578,258.29998779296875,27592140
2022-10-05,268.6000061035156,276.1499938964844,253.39999389648438,258.04998779296875,27684840
2022-10-06,261.3999938964844,265.75,252.6999969482422,264.8500061035156,26841420
2022-10-07,278.5,299.1000061035156,278.04998779296875,295.3500061035156,31071080
2022-10-10,294.5,313.1499938964844,293.29998779296875,304.6499938964844,28351160
2022-10-11,310.0,322.5,299.95001220703125,316.0,31469420
2022-10-12,314.45001220703125,319.70001220703125,307.3500061035156,316.75,25721620
2022-10-13,344.3999938964844,347.75,289.95001220703125,295.54998779296875,45133560
2022-10-14,287.3500061035156,323.70001220703125,285.25,321.8999938964844,33953300
2022-10-17,298.95001220703125,299.20001220703125,286.5,290.0,28078300
2022-10-18,266.54998779296875,291.6499938964844,264.3500061035156,282.95001220703125,33036440
2022-10-19,287.75,293.54998779296875,276.04998779296875,285.79998779296875,28925080
2022-10-20,289.20001220703125,294.3500061035156,272.5,290.95001220703125,29232380
2022-10-21,294.29998779296875,298.1499938964844,268.6000061035156,270.3999938964844,33272060
2022-10-24,269.54998779296875,280.3999938964844,258.5,261.20001220703125,29219500
2022-10-25,258.70001220703125,258.70001220703125,244.1999969482422,245.5500030517578,24176700
2022-10-26,260.25,262.79998779296875,245.89999389648438,261.6000061035156,32331560
2022-10-27,265.0,277.5,260.75,276.0,27392320
2022-10-28,278.1499938964844,278.45001220703125,249.25,250.89999389648438,29472820
2022-10-31,256.8999938964844,264.70001220703125,254.6999969482422,259.5,23093620
2022-11-01,249.6999969482422,268.54998779296875,248.0,267.45001220703125,23763300
2022-11-02,267.70001220703125,295.29998779296875,258.5,295.20001220703125,38528180
2022-11-03,304.25,314.04998779296875,299.29998779296875,312.25,27888040
2022-11-04,294.29998779296875,317.8500061035156,287.54998779296875,297.75,34629060
2022-11-07,294.20001220703125,301.6499938964844,286.1000061035156,288.29998779296875,19580140
2022-11-08,283.1000061035156,294.8999938964844,271.04998779296875,282.0,24914460
2022-11-09,287.95001220703125,302.70001220703125,285.3500061035156,301.8500061035156,24610160
2022-11-10,258.1499938964844,265.54998779296875,234.0,235.39999389648438,36263480
2022-11-11,235.3000030517578,238.6999969482422,220.10000610351562,221.85000610351562,27982060
2022-11-14,226.6999969482422,230.0,218.89999389648438,227.60000610351562,25369960
2022-11-15,211.39999389648438,226.4499969482422,208.9499969482422,218.35000610351562,37301200
2022-11-16,222.85000610351562,229.25,222.10000610351562,227.25,25989740
2022-11-17,238.35000610351562,238.75,225.4499969482422,228.9499969482422,26570360
2022-11-18,221.75,235.14999389648438,221.5,229.14999389648438,22245640
2022-11-21,232.75,238.35000610351562,229.75,236.1999969482422,19612260
2022-11-22,234.5500030517578,240.0,225.8000030517578,226.60000610351562,16006740
2022-11-23,226.35000610351562,226.85000610351562,218.10000610351562,219.6999969482422,19983460
2022-11-25,223.4499969482422,225.25,221.85000610351562,224.14999389648438,7459040
2022-11-28,229.0500030517578,236.3000030517578,224.10000610351562,234.14999389648438,16971760
2022-11-29,233.60000610351562,243.0500030517578,232.60000610351562,239.60000610351562,18770800
2022-11-30,238.9499969482422,241.14999389648438,206.60000610351562,206.89999389648438,30159980
2022-12-01,206.3000030517578,212.1999969482422,202.35000610351562,206.25,18663320
2022-12-02,217.14999389648438,217.64999389648438,206.85000610351562,208.9499969482422,24179920
2022-12-05,213.4499969482422,222.60000610351562,210.6999969482422,219.25,19189280
2022-12-06,219.89999389648438,236.4499969482422,219.5,232.89999389648438,21616640
2022-12-07,236.35000610351562,240.4499969482422,231.0,236.1999969482422,26445840
2022-12-08,232.85000610351562,238.25,225.5,228.0,22293880
2022-12-09,230.60000610351562,233.64999389648438,223.8000030517578,232.4499969482422,24725960
2022-12-12,232.0500030517578,234.75,223.64999389648438,223.85000610351562,17802480
2022-12-13,197.8000030517578,223.1999969482422,197.39999389648438,216.6999969482422,35911060
2022-12-14,218.0,229.0500030517578,210.5,222.14999389648438,31425660
2022-12-15,231.60000610351562,247.0,229.89999389648438,243.89999389648438,26629380
2022-12-16,246.0500030517578,255.60000610351562,241.89999389648438,251.1999969482422,23636480
2022-12-19,250.8000030517578,265.45001220703125,250.4499969482422,261.54998779296875,20205140
2022-12-20,265.6000061035156,270.25,257.5,262.6499938964844,19537080
2022-12-21,259.6499938964844,262.25,247.5,251.5,18764360
2022-12-22,259.6000061035156,281.29998779296875,259.1499938964844,268.75,22996620
2022-12-23,273.70001220703125,279.3999938964844,265.70001220703125,267.5,21839940
2022-12-27,269.75,280.8500061035156,269.29998779296875,279.04998779296875,18302880
2022-12-28,280.75,291.45001220703125,273.25,290.3500061035156,21022760
2022-12-29,281.20001220703125,283.70001220703125,266.3500061035156,269.29998779296875,16559320
2022-12-30,278.29998779296875,282.29998779296875,269.79998779296875,270.04998779296875,17176400
2023-01-03,262.95001220703125,282.8500061035156,258.3999938964844,275.75,17137340
2023-01-04,269.20001220703125,281.95001220703125,266.54998779296875,272.04998779296875,23562160
2023-01-05,277.45001220703125,285.95001220703125,276.8999938964844,284.6499938964844,20265960
2023-01-06,279.6000061035156,289.20001220703125,257.6499938964844,262.0,25597620
2023-01-09,255.6999969482422,258.3500061035156,242.64999389648438,256.3999938964844,20728380
2023-01-10,259.6499938964844,261.1000061035156,249.85000610351562,250.14999389648438,19410360
2023-01-11,247.1999969482422,249.39999389648438,237.0,237.3000030517578,17342520
2023-01-12,236.35000610351562,247.4499969482422,231.14999389648438,233.6999969482422,32179620
2023-01-13,240.25,241.1999969482422,228.4499969482422,229.0500030517578,19872420
2023-01-17,229.8000030517578,232.60000610351562,224.60000610351562,228.10000610351562,16923900
2023-01-18,224.0,237.3000030517578,220.25,236.6999969482422,24557320
2023-01-19,241.3000030517578,247.25,238.35000610351562,244.10000610351562,22424520
2023-01-20,239.8000030517578,242.64999389648438,223.35000610351562,223.9499969482422,21708480
2023-01-23,222.1999969482422,223.9499969482422,206.3000030517578,209.1999969482422,24107240
2023-01-24,213.0,214.10000610351562,208.0500030517578,210.64999389648438,19163040
2023-01-25,220.8000030517578,226.4499969482422,210.75,212.10000610351562,27207540
2023-01-26,204.5500030517578,210.64999389648438,199.60000610351562,199.9499969482422,24497700
2023-01-27,202.85000610351562,203.0500030517578,190.0,194.25,25240460
2023-01-30,200.8000030517578,206.60000610351562,197.85000610351562,206.0,24035320
2023-01-31,205.85000610351562,206.14999389648438,196.5,196.8000030517578,19821180
2023-02-01,197.25,201.39999389648438,179.14999389648438,184.1999969482422,38739160
2023-02-02,172.25,173.75,161.0,165.0500030517578,43268340
2023-02-03,175.35000610351562,176.0,163.60000610351562,173.35000610351562,42501600
2023-02-06,178.0,180.1999969482422,173.9499969482422,177.89999389648438,25506060
2023-02-07,178.1999969482422,180.1999969482422,164.89999389648438,166.89999389648438,38997180
2023-02-08,169.14999389648438,177.0,167.5500030517578,175.8000030517578,28936900
2023-02-09,168.35000610351562,183.35000610351562,168.0,180.64999389648438,30954300
2023-02-10,184.85000610351562,188.8000030517578,181.0500030517578,184.35000610351562,31884680
2023-02-13,181.8000030517578,184.10000610351562,174.5,175.5,21754060
2023-02-14,178.5500030517578,181.9499969482422,170.10000610351562,171.8000030517578,41287180
2023-02-15,175.10000610351562,176.1999969482422,167.6999969482422,167.89999389648438,24253540
2023-02-16,175.9499969482422,177.89999389648438,169.25,177.5,31820720
2023-02-17,181.64999389648438,186.89999389648438,180.14999389648438,181.4499969482422,30034360
2023-02-21,188.60000610351562,194.75,186.0,194.35000610351562,25105300
2023-02-22,193.35000610351562,197.5,189.9499969482422,194.1999969482422,28246160
2023-02-23,187.0,197.75,186.64999389648438,189.25,27110140
2023-02-24,199.14999389648438,202.35000610351562,196.75,198.9499969482422,31100360
2023-02-27,192.3000030517578,195.89999389648438,189.4499969482422,194.64999389648438,22261620
2023-02-28,196.10000610351562,196.75,190.5,195.64999389648438,21817060
2023-03-01,196.25,202.39999389648438,194.89999389648438,200.35000610351562,27092220
2023-03-02,205.89999389648438,206.5,193.89999389648438,195.64999389648438,25170900
2023-03-03,192.14999389648438,193.1999969482422,183.10000610351562,183.64999389648438,22042400
2023-03-06,181.35000610351562,183.39999389648438,175.75,183.0,23378960
2023-03-07,183.0500030517578,191.0,181.3000030517578,189.8000030517578,31657760
2023-03-08,189.10000610351562,192.6999969482422,185.89999389648438,187.0500030517578,26522560
2023-03-09,186.3000030517578,198.64999389648438,181.39999389648438,197.25,32583640
2023-03-10,196.85000610351562,207.6999969482422,193.75,205.39999389648438,54211920
2023-03-13,209.5,212.85000610351562,193.0,200.9499969482422,50442060
2023-03-14,193.64999389648438,195.39999389648438,186.10000610351562,187.3000030517578,35104300
2023-03-15,192.35000610351562,195.14999389648438,183.8000030517578,184.64999389648438,43552660
2023-03-16,186.60000610351562,187.85000610351562,169.39999389648438,170.10000610351562,34788360
2023-03-17,170.25,175.89999389648438,166.1999969482422,172.4499969482422,33026340
2023-03-20,173.75,177.5500030517578,170.3000030517578,170.85000610351562,23279500
2023-03-21,167.60000610351562,170.1999969482422,162.8000030517578,163.6999969482422,21052760
2023-03-22,162.8000030517578,169.5,154.89999389648438,169.3000030517578,35937020
2023-03-23,163.14999389648438,168.0,156.10000610351562,163.4499969482422,37973600
2023-03-24,164.25,167.9499969482422,161.5500030517578,161.6999969482422,29678600
2023-03-27,160.64999389648438,166.4499969482422,158.9499969482422,165.0500030517578,21926120
2023-03-28,166.10000610351562,171.60000610351562,166.10000610351562,167.75,22006280
2023-03-29,161.6999969482422,163.10000610351562,157.6999969482422,158.8000030517578,24026080
2023-03-30,155.10000610351562,157.0500030517578,153.39999389648438,154.39999389648438,23068340
2023-03-31,154.14999389648438,154.5500030517578,146.4499969482422,146.8000030517578,27965060
2023-04-03,149.75,151.64999389648438,147.5,147.8000030517578,22209620
2023-04-04,147.35000610351562,151.1999969482422,145.89999389648438,149.35000610351562,22491100
2023-04-05,151.10000610351562,156.75,150.85000610351562,154.1999969482422,23719080
2023-04-06,156.6999969482422,158.75,150.39999389648438,151.0500030517578,23120760
2023-04-10,155.4499969482422,158.0,151.35000610351562,151.4499969482422,17587840
2023-04-11,151.5500030517578,155.14999389648438,151.4499969482422,154.39999389648438,17638140
2023-04-12,151.60000610351562,159.3000030517578,150.6999969482422,158.4499969482422,29122760
2023-04-13,156.10000610351562,156.35000610351562,148.75,149.5,24712880
2023-04-14,151.75,154.5500030517578,147.89999389648438,150.35000610351562,28320700
2023-04-17,151.0500030517578,153.9499969482422,149.5500030517578,150.14999389648438,19340980
2023-04-18,147.10000610351562,151.85000610351562,146.5,150.10000610351562,18288220
2023-04-19,153.64999389648438,153.8000030517578,148.85000610351562,150.35000610351562,20385860
2023-04-20,154.85000610351562,155.89999389648438,149.8000030517578,154.0500030517578,28336400
2023-04-21,154.6999969482422,157.35000610351562,152.5,153.64999389648438,23249060
2023-04-24,154.0500030517578,157.89999389648438,152.0500030517578,154.64999389648438,21778260
2023-04-25,157.14999389648438,163.64999389648438,156.1999969482422,163.4499969482422,26217440
2023-04-26,158.10000610351562,161.4499969482422,155.75,160.75,26303980
2023-04-27,154.89999389648438,155.9499969482422,146.89999389648438,147.8000030517578,28396300
2023-04-28,148.10000610351562,149.6999969482422,144.60000610351562,144.8000030517578,27662600
2023-05-01,145.39999389648438,146.75,143.39999389648438,145.25,18039540
2023-05-02,145.4499969482422,151.5,145.0,149.0500030517578,27511740
2023-05-03,148.6999969482422,152.25,144.89999389648438,152.10000610351562,30527060
2023-05-04,152.64999389648438,155.4499969482422,150.9499969482422,153.89999389648438,27874420
2023-05-05,150.6999969482422,151.25,143.0,144.1999969482422,22364600
2023-05-08,144.9499969482422,146.39999389648438,142.75,143.1999969482422,15261100
2023-05-09,145.5500030517578,146.4499969482422,144.35000610351562,146.0,14240580
2023-05-10,142.6999969482422,146.10000610351562,140.10000610351562,141.35000610351562,27773520
2023-05-11,140.8000030517578,142.85000610351562,139.39999389648438,140.1999969482422,21977340
2023-05-12,139.5500030517578,144.4499969482422,139.0,141.6999969482422,20297240
2023-05-15,141.14999389648438,143.1999969482422,139.1999969482422,139.5,17349300
2023-05-16,140.5500030517578,140.5500030517578,136.85000610351562,139.0500030517578,19944700
2023-05-17,137.8000030517578,139.3000030517578,133.3000030517578,134.0500030517578,22484880
2023-05-18,133.75,133.8000030517578,126.55000305175781,126.9000015258789,29271580
2023-05-19,126.6500015258789,128.9499969482422,125.80000305175781,127.80000305175781,23163840
2023-05-22,128.0500030517578,128.10000610351562,125.30000305175781,126.5,15982140
2023-05-23,128.5,131.8000030517578,127.25,131.35000610351562,22287780
2023-05-24,133.75,135.9499969482422,131.9499969482422,133.35000610351562,26188180
2023-05-25,124.5999984741211,127.6500015258789,122.4000015258789,124.0,29795760
2023-05-26,122.9000015258789,123.0,113.5999984741211,114.55000305175781,32864700
2023-05-30,110.25,114.4000015258789,109.0999984741211,112.94999694824219,27626560
2023-05-31,114.5999984741211,116.4000015258789,112.5999984741211,115.30000305175781,25786840
2023-06-01,115.3499984741211,116.44999694824219,109.75,111.0999984741211,23540000
2023-06-02,109.44999694824219,111.19999694824219,107.55000305175781,108.69999694824219,23727540
2023-06-05,108.8499984741211,109.44999694824219,106.0999984741211,108.5,24802800
2023-06-06,109.0999984741211,110.4000015258789,107.69999694824219,108.5999984741211,18680660
2023-06-07,108.4000015258789,114.80000305175781,106.55000305175781,114.19999694824219,28169480
2023-06-08,114.05000305175781,114.30000305175781,109.5999984741211,110.25,21360400
2023-06-09,108.80000305175781,110.30000305175781,105.94999694824219,108.94999694824219,23687860
2023-06-12,107.4000015258789,108.30000305175781,103.30000305175781,103.44999694824219,20814080
2023-06-13,101.05000305175781,103.9000015258789,100.3499984741211,101.0999984741211,28266780
2023-06-14,101.0999984741211,103.5,98.69999694824219,98.9000015258789,32965940
2023-06-15,100.1500015258789,100.6500015258789,94.30000305175781,95.6500015258789,33421280
2023-06-16,93.75,97.80000305175781,93.6500015258789,97.44999694824219,25524500
2023-06-20,98.69999694824219,100.30000305175781,96.75,97.8499984741211,22267260
2023-06-21,97.55000305175781,101.30000305175781,97.19999694824219,100.44999694824219,25011740
2023-06-22,101.75,102.0999984741211,97.05000305175781,97.0999984741211,23788920
2023-06-23,100.4000015258789,101.5,98.19999694824219,100.0999984741211,25162840
2023-06-26,100.55000305175781,104.19999694824219,98.25,104.05000305175781,21939420
2023-06-27,102.8499984741211,103.5,98.19999694824219,98.9000015258789,23688680
2023-06-28,100.3499984741211,100.44999694824219,96.69999694824219,98.25,26450440
2023-06-29,98.6500015258789,100.4000015258789,98.0999984741211,99.0,22795340
2023-06-30,96.05000305175781,96.3499984741211,93.6500015258789,94.55000305175781,24162900
2023-07-03,94.0999984741211,94.94999694824219,93.44999694824219,93.94999694824219,8481380
2023-07-05,95.19999694824219,95.19999694824219,92.6500015258789,93.94999694824219,17530140
2023-07-06,96.94999694824219,98.5,95.9000015258789,96.19999694824219,20976840
2023-07-07,96.5,97.44999694824219,93.94999694824219,97.25,19509480
2023-07-10,97.55000305175781,99.5999984741211,96.6500015258789,97.1500015258789,19254780
2023-07-11,96.9000015258789,98.6500015258789,95.44999694824219,95.80000305175781,17734120
2023-07-12,92.5999984741211,94.19999694824219,91.1500015258789,92.19999694824219,26583720
2023-07-13,89.94999694824219,90.4000015258789,87.05000305175781,87.69999694824219,23179480
2023-07-14,87.4000015258789,88.4000015258789,85.1500015258789,87.75,24170480
2023-07-17,87.3499984741211,87.6500015258789,84.75,85.4000015258789,17158280
2023-07-18,85.8499984741211,87.1500015258789,82.3499984741211,83.30000305175781,23666480
2023-07-19,82.6500015258789,84.30000305175781,81.9000015258789,83.30000305175781,23974220
2023-07-20,85.5,90.0,84.5,89.25,29484160
2023-07-21,87.5999984741211,90.44999694824219,87.05000305175781,90.1500015258789,26567560
2023-07-24,89.5,91.1500015258789,88.75,89.69999694824219,16723140
2023-07-25,89.25,89.30000305175781,86.75,87.9000015258789,16743320
2023-07-26,88.75,90.5,87.6500015258789,88.80000305175781,24427700
2023-07-27,85.05000305175781,90.5999984741211,83.9000015258789,89.6500015258789,33173080
2023-07-28,86.75,87.0999984741211,84.05000305175781,84.80000305175781,31250700
2023-07-31,84.6500015258789,85.5999984741211,83.9000015258789,84.55000305175781,17238920
2023-08-01,85.6500015258789,86.75,84.80000305175781,85.30000305175781,21234440
2023-08-02,87.75,91.8499984741211,87.69999694824219,90.9000015258789,35149260
2023-08-03,92.9000015258789,93.0,89.94999694824219,91.5999984741211,28006940
2023-08-04,90.1500015258789,93.25,88.44999694824219,92.8499984741211,32165220
2023-08-07,91.5999984741211,93.3499984741211,90.5,90.55000305175781,21629920
2023-08-08,92.5,95.25,92.5,92.94999694824219,23970020
2023-08-09,92.75,96.6500015258789,92.6500015258789,96.0,28504400
2023-08-10,93.75,96.8499984741211,91.05000305175781,95.6500015258789,35500860
2023-08-11,97.80000305175781,98.75,96.19999694824219,97.55000305175781,26865660
2023-08-14,98.25,98.8499984741211,94.25,94.30000305175781,26686460
2023-08-15,95.1500015258789,97.9000015258789,94.5,97.30000305175781,23359000
2023-08-16,97.8499984741211,100.5999984741211,96.5999984741211,100.5,27358820
2023-08-17,99.44999694824219,104.30000305175781,99.19999694824219,103.9000015258789,29268240
2023-08-18,106.9000015258789,107.4000015258789,103.25,104.4000015258789,32886180
2023-08-21,103.1500015258789,103.5999984741211,98.80000305175781,99.3499984741211,26818820
2023-08-22,97.3499984741211,100.44999694824219,97.25,99.9000015258789,23879540
2023-08-23,98.94999694824219,99.1500015258789,94.30000305175781,95.1500015258789,26474560
2023-08-24,92.5999984741211,101.5999984741211,92.5,101.55000305175781,30493220
2023-08-25,100.80000305175781,103.75,97.6500015258789,99.0999984741211,42804560
2023-08-28,96.75,99.0,96.1500015258789,96.9000015258789,22130720
2023-08-29,97.1500015258789,97.4000015258789,90.3499984741211,90.69999694824219,27353080
2023-08-30,90.55000305175781,91.3499984741211,88.75,89.1500015258789,23872160
2023-08-31,89.30000305175781,89.30000305175781,87.25,88.55000305175781,20754940
2023-09-01,86.8499984741211,89.94999694824219,86.55000305175781,88.8499984741211,22689860
2023-09-05,89.5,90.1500015258789,87.69999694824219,88.5999984741211,17754480
2023-09-06,89.1500015258789,92.4000015258789,88.94999694824219,90.9000015258789,24212480
2023-09-07,94.4000015258789,95.19999694824219,92.5,93.05000305175781,23693340
2023-09-08,93.1500015258789,93.5,91.0,92.69999694824219,19795060
2023-09-11,90.44999694824219,91.94999694824219,89.0999984741211,89.44999694824219,19246580
2023-09-12,90.69999694824219,92.75,89.75,92.44999694824219,19138340
2023-09-13,92.4000015258789,93.25,90.25,91.5,24155500
2023-09-14,90.3499984741211,91.8499984741211,88.6500015258789,89.4000015258789,24406540
2023-09-15,90.4000015258789,94.69999694824219,90.0999984741211,94.0999984741211,24726500
2023-09-18,94.80000305175781,95.05000305175781,92.9000015258789,93.75,17773440
2023-09-19,94.8499984741211,96.80000305175781,93.8499984741211,94.44999694824219,21439640
2023-09-20,92.0999984741211,96.9000015258789,91.75,96.80000305175781,23564780
2023-09-21,100.0,102.5,99.3499984741211,102.4000015258789,28483420
2023-09-22,100.9000015258789,102.6500015258789,99.05000305175781,102.3499984741211,26777140
2023-09-25,103.25,104.1500015258789,100.8499984741211,100.9000015258789,22981980
2023-09-26,103.19999694824219,106.4000015258789,102.75,105.5,23867300
2023-09-27,104.5999984741211,108.1500015258789,103.0999984741211,104.75,30621180
2023-09-28,105.80000305175781,106.5999984741211,100.44999694824219,102.4000015258789,28304880
2023-09-29,99.44999694824219,103.3499984741211,98.19999694824219,102.19999694824219,32560020
2023-10-02,102.05000305175781,102.5999984741211,98.5,99.75,25440780
2023-10-03,101.8499984741211,106.4000015258789,100.0,105.05000305175781,27366460
2023-10-04,104.30000305175781,104.75,100.0,100.8499984741211,29788320
2023-10-05,100.94999694824219,104.80000305175781,100.5999984741211,101.8499984741211,24060900
2023-10-06,104.5,105.25,95.80000305175781,96.80000305175781,36229400
2023-10-09,98.69999694824219,99.9000015258789,94.8499984741211,95.30000305175781,22792800
2023-10-10,95.0999984741211,95.5,91.6500015258789,93.80000305175781,23177060
2023-10-11,92.80000305175781,94.1500015258789,91.6500015258789,91.8499984741211,23688800
2023-10-12,91.55000305175781,94.69999694824219,90.19999694824219,92.94999694824219,29798000
2023-10-13,92.44999694824219,97.55000305175781,92.05000305175781,96.5,31698740
2023-10-16,95.4000015258789,95.5999984741211,92.4000015258789,93.19999694824219,22063060
2023-10-17,96.0,97.6500015258789,92.9000015258789,94.1500015258789,27631000
2023-10-18,96.19999694824219,99.0,94.44999694824219,98.05000305175781,28999020
2023-10-19,96.94999694824219,101.5,95.94999694824219,100.80000305175781,39809960
2023-10-20,101.3499984741211,105.5999984741211,100.8499984741211,105.4000015258789,32424320
2023-10-23,106.69999694824219,108.5999984741211,101.30000305175781,104.5,32130060
2023-10-24,102.94999694824219,104.5,100.8499984741211,101.55000305175781,25917780
2023-10-25,103.6500015258789,109.55000305175781,103.5,109.0,29950320
2023-10-26,110.30000305175781,116.69999694824219,109.44999694824219,115.44999694824219,37973880
2023-10-27,112.75,115.0999984741211,110.30000305175781,113.75,36836220
2023-10-30,111.4000015258789,112.80000305175781,108.75,110.1500015258789,28168980
2023-10-31,110.0999984741211,112.5999984741211,108.19999694824219,108.5,23437860
2023-11-01,107.80000305175781,107.9000015258789,102.4000015258789,102.8499984741211,30644240
2023-11-02,99.1500015258789,100.19999694824219,97.30000305175781,97.5,25791020
2023-11-03,96.55000305175781,96.69999694824219,93.05000305175781,94.0999984741211,28572680
2023-11-06,93.55000305175781,94.80000305175781,92.55000305175781,93.05000305175781,20405640
2023-11-07,92.25,93.19999694824219,89.75,90.5,25558080
2023-11-08,90.19999694824219,92.0,89.69999694824219,90.30000305175781,23563320
2023-11-09,89.94999694824219,92.9000015258789,89.05000305175781,92.55000305175781,33858800
2023-11-10,91.25,91.69999694824219,86.19999694824219,86.4000015258789,31431280
2023-11-13,87.44999694824219,88.55000305175781,86.44999694824219,87.19999694824219,21141760
2023-11-14,82.75,83.0999984741211,80.94999694824219,81.69999694824219,30752040
2023-11-15,80.4000015258789,82.3499984741211,80.0999984741211,81.5,29365140
2023-11-16,82.0999984741211,82.94999694824219,81.25,81.3499984741211,25612060
2023-11-17,81.9000015258789,82.5,80.69999694824219,81.4000015258789,22144440
2023-11-20,81.44999694824219,81.44999694824219,78.0,78.5,22744080
2023-11-21,79.55000305175781,81.0,79.44999694824219,79.94999694824219,21888060
2023-11-22,78.75,79.69999694824219,77.1500015258789,79.05000305175781,22841820
2023-11-24,79.3499984741211,80.05000305175781,79.0,79.5,9941680
2023-11-27,79.80000305175781,80.25,78.44999694824219,79.6500015258789,18263740
2023-11-28,80.19999694824219,80.44999694824219,78.75,79.0999984741211,21507820
2023-11-29,77.6500015258789,79.5999984741211,76.75,79.44999694824219,23022280
2023-11-30,79.3499984741211,81.94999694824219,79.05000305175781,80.0999984741211,27073980
2023-12-01,80.8499984741211,81.9000015258789,79.0999984741211,79.5,24734480
2023-12-04,81.8499984741211,84.0,81.55000305175781,81.75,25053360
2023-12-05,83.05000305175781,83.1500015258789,80.4000015258789,81.1500015258789,22740020
2023-12-06,79.3499984741211,82.8499984741211,79.25,82.5999984741211,21647960
2023-12-07,80.8499984741211,81.55000305175781,78.75,79.25,22393260
2023-12-08,80.3499984741211,80.5,78.0,78.30000305175781,25656920
2023-12-11,78.55000305175781,78.69999694824219,76.0999984741211,76.30000305175781,19795600
2023-12-12,76.30000305175781,77.0,74.44999694824219,74.5,19822320
2023-12-13,74.05000305175781,74.44999694824219,71.3499984741211,71.69999694824219,29164740
2023-12-14,71.1500015258789,73.6500015258789,70.44999694824219,72.05000305175781,26268360
2023-12-15,71.6500015258789,71.94999694824219,70.3499984741211,71.25,23287500
2023-12-18,70.80000305175781,71.0,69.19999694824219,69.6500015258789,19414720
2023-12-19,69.5,69.5999984741211,68.5999984741211,68.69999694824219,16537260
2023-12-20,67.75,70.3499984741211,66.6500015258789,70.30000305175781,26275580
2023-12-21,68.3499984741211,69.69999694824219,67.75,68.0,23677560
2023-12-22,67.4000015258789,68.6500015258789,66.9000015258789,67.6500015258789,17612560
2023-12-26,67.30000305175781,67.3499984741211,66.1500015258789,66.44999694824219,11637100
2023-12-27,66.4000015258789,66.80000305175781,65.94999694824219,66.0999984741211,17995520
2023-12-28,65.6500015258789,66.55000305175781,65.55000305175781,66.3499984741211,12509360
2023-12-29,66.44999694824219,68.19999694824219,66.25,67.25,23914440
2024-01-02,69.05000305175781,71.9000015258789,68.94999694824219,70.69999694824219,25375640
2024-01-03,72.1500015258789,73.25,71.5999984741211,72.94999694824219,26349500
2024-01-04,74.19999694824219,74.3499984741211,72.4000015258789,74.19999694824219,22547240
2024-01-05,74.19999694824219,74.80000305175781,72.44999694824219,74.0,29199620
2024-01-08,73.3499984741211,73.44999694824219,69.30000305175781,69.44999694824219,23097920
2024-01-09,71.05000305175781,71.19999694824219,68.5999984741211,69.0999984741211,22149920
2024-01-10,68.94999694824219,69.44999694824219,67.19999694824219,67.69999694824219,19528240
2024-01-11,67.25,70.0,66.5,67.44999694824219,31011380
2024-01-12,66.94999694824219,68.0999984741211,66.55000305175781,67.3499984741211,22654600
2024-01-16,68.0,68.75,66.6500015258789,67.44999694824219,26766740
2024-01-17,69.1500015258789,70.75,68.4000015258789,68.5999984741211,28271780
2024-01-18,67.0999984741211,67.75,65.5,65.75,32515940
2024-01-19,64.80000305175781,65.05000305175781,61.849998474121094,61.900001525878906,32445580
2024-01-22,61.0,62.0,60.400001525878906,61.70000076293945,22767620
2024-01-23,61.45000076293945,62.25,60.900001525878906,60.95000076293945,18589820
2024-01-24,59.29999923706055,60.20000076293945,58.25,59.95000076293945,34697560
2024-01-25,59.0,60.900001525878906,58.70000076293945,59.849998474121094,28926260
2024-01-26,60.70000076293945,61.25,59.95000076293945,60.95000076293945,22612100
2024-01-29,60.79999923706055,61.099998474121094,59.04999923706055,59.150001525878906,18321820
2024-01-30,59.599998474121094,60.75,59.349998474121094,60.349998474121094,19069160
2024-01-31,62.29999923706055,64.0,61.400001525878906,63.900001525878906,35445320
2024-02-01,63.20000076293945,63.650001525878906,61.54999923706055,61.70000076293945,32275200
2024-02-02,61.0,61.400001525878906,58.150001525878906,58.599998474121094,37953060
2024-02-05,58.70000076293945,60.349998474121094,58.45000076293945,58.900001525878906,31129380
2024-02-06,58.5,60.29999923706055,58.25,59.29999923706055,24648280
2024-02-07,58.20000076293945,58.75,57.150001525878906,57.54999923706055,24877340
2024-02-08,57.54999923706055,57.849998474121094,56.95000076293945,57.25,15998940
2024-02-09,56.849998474121094,57.20000076293945,55.29999923706055,55.599998474121094,20721700
2024-02-12,55.70000076293945,56.599998474121094,54.849998474121094,56.29999923706055,20603540
2024-02-13,59.45000076293945,60.25,57.900001525878906,59.0,33456300
2024-02-14,57.849998474121094,58.849998474121094,56.900001525878906,57.04999923706055,24251000
2024-02-15,56.900001525878906,57.95000076293945,56.5,56.650001525878906,19756440
2024-02-16,56.54999923706055,58.54999923706055,56.5,58.25,27931100
2024-02-20,59.150001525878906,61.150001525878906,58.5,59.599998474121094,29481900
2024-02-21,60.79999923706055,62.0,60.29999923706055,60.349998474121094,28397600
2024-02-22,56.650001525878906,57.0,54.70000076293945,55.099998474121094,32184840
2024-02-23,54.54999923706055,56.0,54.20000076293945,55.599998474121094,24186720
2024-02-26,55.349998474121094,55.849998474121094,54.95000076293945,55.75,18512880
2024-02-27,55.400001525878906,56.400001525878906,55.25,55.349998474121094,20702840
2024-02-28,56.20000076293945,56.70000076293945,55.75,56.25,20062420
2024-02-29,55.25,56.5,54.5,54.95000076293945,25483700
2024-03-01,54.650001525878906,54.650001525878906,52.150001525878906,52.45000076293945,33808820
2024-03-04,52.5,53.20000076293945,52.349998474121094,53.099998474121094,20344360
2024-03-05,54.25,56.849998474121094,54.25,55.95000076293945,31795780
2024-03-06,54.400001525878906,55.70000076293945,53.70000076293945,54.900001525878906,38361400
2024-03-07,53.70000076293945,54.25,52.04999923706055,52.54999923706055,32954080
2024-03-08,52.45000076293945,55.099998474121094,51.400001525878906,54.79999923706055,45113460
2024-03-11,55.400001525878906,56.20000076293945,55.0,55.45000076293945,27235280
2024-03-12,54.599998474121094,55.849998474121094,52.95000076293945,53.04999923706055,31624180
2024-03-13,53.5,54.75,53.45000076293945,54.400001525878906,23631060
2024-03-14,53.95000076293945,55.900001525878906,53.75,54.79999923706055,37473060
2024-03-15,56.0,57.29999923706055,55.75,56.79999923706055,31337960
2024-03-18,54.75,55.349998474121094,53.849998474121094,55.25,28592180
2024-03-19,56.04999923706055,56.849998474121094,54.70000076293945,54.849998474121094,29390760
2024-03-20,53.650001525878906,54.25,52.0,52.150001525878906,33419640
2024-03-21,50.45000076293945,51.54999923706055,50.25,51.5,27906100
2024-03-22,51.70000076293945,52.0,50.95000076293945,51.400001525878906,20472800
2024-03-25,52.349998474121094,52.70000076293945,51.400001525878906,51.95000076293945,16915680
2024-03-26,51.45000076293945,52.54999923706055,51.099998474121094,52.400001525878906,17662260
2024-03-27,51.5,53.099998474121094,51.400001525878906,52.0,20612480
2024-03-28,52.04999923706055,52.5,51.79999923706055,52.400001525878906,15022040
2024-04-01,52.099998474121094,52.75,51.150001525878906,52.04999923706055,21597280
2024-04-02,53.849998474121094,54.5,53.29999923706055,53.400001525878906,22706560
2024-04-03,54.25,54.25,52.400001525878906,53.099998474121094,22556520
2024-04-04,51.650001525878906,55.70000076293945,51.400001525878906,55.599998474121094,30975040
2024-04-05,55.099998474121094,55.45000076293945,52.650001525878906,53.70000076293945,38227340
2024-04-08,53.349998474121094,54.20000076293945,52.95000076293945,53.70000076293945,18132520
2024-04-09,52.849998474121094,54.849998474121094,52.70000076293945,53.04999923706055,25957620
2024-04-10,55.04999923706055,55.25,54.20000076293945,54.5,35770100
2024-04-11,53.900001525878906,54.75,51.650001525878906,52.0,32035920
2024-04-12,53.5,55.0,53.099998474121094,54.45000076293945,35215580
2024-04-15,53.099998474121094,57.54999923706055,53.04999923706055,57.20000076293945,40208360
2024-04-16,57.349998474121094,57.79999923706055,56.150001525878906,57.20000076293945,36449200
2024-04-17,56.45000076293945,59.75,56.45000076293945,59.29999923706055,33772320
2024-04-18,59.20000076293945,60.70000076293945,58.45000076293945,60.349998474121094,34531180
2024-04-19,61.0,64.94999694824219,60.79999923706055,64.19999694824219,43982380
2024-04-22,63.04999923706055,64.6500015258789,61.25,62.349998474121094,31433740
2024-04-23,61.5,61.70000076293945,59.04999923706055,59.54999923706055,27831900
2024-04-24,58.349998474121094,60.0,57.650001525878906,59.04999923706055,29645000
2024-04-25,62.150001525878906,62.599998474121094,59.599998474121094,60.0,33496560
2024-04-26,58.650001525878906,58.95000076293945,56.54999923706055,57.150001525878906,27457800
2024-04-29,56.400001525878906,57.650001525878906,56.150001525878906,56.54999923706055,19536700
2024-04-30,57.25,59.79999923706055,56.650001525878906,59.75,25866320
2024-05-01,60.400001525878906,61.5,57.45000076293945,61.099998474121094,42176320
2024-05-02,59.54999923706055,61.599998474121094,58.45000076293945,58.900001525878906,28250340
2024-05-03,55.79999923706055,56.45000076293945,54.95000076293945,55.400001525878906,30920760
2024-05-06,54.70000076293945,55.0,53.5,53.5,18941920
2024-05-07,53.45000076293945,53.849998474121094,52.95000076293945,53.599998474121094,20611860
2024-05-08,54.54999923706055,54.599998474121094,53.150001525878906,53.70000076293945,20142240
2024-05-09,53.70000076293945,54.349998474121094,53.20000076293945,53.400001525878906,19440920
2024-05-10,52.900001525878906,53.650001525878906,52.25,53.04999923706055,19972920
2024-05-13,52.400001525878906,53.25,52.349998474121094,52.75,13802220
2024-05-14,52.900001525878906,53.0,51.54999923706055,51.70000076293945,25446080
2024-05-15,50.900001525878906,51.45000076293945,49.25,49.349998474121094,31118240
2024-05-16,49.5,49.79999923706055,48.849998474121094,49.70000076293945,20557320
2024-05-17,49.75,50.599998474121094,49.5,49.849998474121094,17603800
2024-05-20,49.79999923706055,49.849998474121094,48.599998474121094,48.79999923706055,19078800
2024-05-21,49.45000076293945,49.54999923706055,48.5,48.54999923706055,11916740
2024-05-22,48.5,49.45000076293945,48.25,48.650001525878906,17669280
2024-05-23,47.20000076293945,49.95000076293945,47.150001525878906,49.400001525878906,31634160
2024-05-24,48.900001525878906,49.150001525878906,47.599998474121094,48.0,22444240
2024-05-28,47.650001525878906,48.45000076293945,47.45000076293945,47.45000076293945,19343000
2024-05-29,48.849998474121094,48.849998474121094,47.95000076293945,48.45000076293945,20830600
2024-05-30,48.79999923706055,50.54999923706055,48.79999923706055,50.099998474121094,22603540
2024-05-31,50.099998474121094,53.04999923706055,49.849998474121094,50.099998474121094,32377020
2024-06-03,49.20000076293945,51.45000076293945,48.900001525878906,49.650001525878906,26810720
2024-06-04,49.79999923706055,50.400001525878906,48.900001525878906,49.29999923706055,25122920
2024-06-05,48.150001525878906,48.54999923706055,46.29999923706055,46.29999923706055,30485360
2024-06-06,46.20000076293945,46.79999923706055,46.04999923706055,46.45000076293945,19496700
2024-06-07,46.599998474121094,46.95000076293945,45.79999923706055,46.599998474121094,24069620
2024-06-10,47.0,47.099998474121094,45.95000076293945,46.099998474121094,18718280
2024-06-11,46.5,46.95000076293945,45.099998474121094,45.150001525878906,19959120
2024-06-12,44.04999923706055,44.25,42.70000076293945,43.400001525878906,36805620
2024-06-13,42.45000076293945,43.349998474121094,42.25,42.70000076293945,23594860
2024-06-14,42.849998474121094,43.0,42.099998474121094,42.150001525878906,22493960
2024-06-17,42.099998474121094,42.45000076293945,40.099998474121094,40.650001525878906,28276220
2024-06-18,40.650001525878906,41.04999923706055,40.45000076293945,40.599998474121094,16767100
2024-06-20,40.349998474121094,42.04999923706055,40.20000076293945,41.599998474121094,33396100
2024-06-21,41.70000076293945,42.349998474121094,41.349998474121094,42.0,25199940
2024-06-24,42.349998474121094,43.45000076293945,41.849998474121094,43.45000076293945,27007400
2024-06-25,42.900001525878906,43.150001525878906,41.849998474121094,41.95000076293945,22966560
2024-06-26,41.400001525878906,41.5,40.79999923706055,40.900001525878906,21943140
2024-06-27,41.0,41.25,40.25,40.650001525878906,22594600
2024-06-28,40.5,41.5,39.29999923706055,41.400001525878906,31146880
2024-07-01,41.150001525878906,42.099998474121094,40.45000076293945,40.599998474121094,28015260
2024-07-02,41.04999923706055,41.04999923706055,39.349998474121094,39.400001525878906,22918840
2024-07-03,39.599998474121094,39.599998474121094,38.400001525878906,38.45000076293945,15561360
2024-07-05,38.29999923706055,38.400001525878906,37.20000076293945,37.25,23622040
2024-07-08,37.20000076293945,37.45000076293945,36.900001525878906,37.0,15996880
2024-07-09,36.75,37.349998474121094,36.45000076293945,36.95000076293945,19327960
2024-07-10,36.599998474121094,36.849998474121094,35.70000076293945,35.849998474121094,21690680
2024-07-11,35.849998474121094,38.5,35.75,38.150001525878906,36646960
2024-07-12,38.150001525878906,38.25,36.45000076293945,37.54999923706055,29874440
2024-07-15,37.25,37.79999923706055,36.20000076293945,37.29999923706055,31027240
2024-07-16,37.0,38.0,36.79999923706055,37.29999923706055,26039420
2024-07-17,39.150001525878906,40.599998474121094,39.0,40.54999923706055,35105880
2024-07-18,39.70000076293945,42.0,39.599998474121094,41.150001525878906,41837280
2024-07-19,41.349998474121094,42.70000076293945,40.650001525878906,42.29999923706055,37654300
2024-07-22,40.79999923706055,41.70000076293945,40.20000076293945,40.45000076293945,36730720
2024-07-23,40.70000076293945,41.04999923706055,39.95000076293945,40.900001525878906,25688060
2024-07-24,42.70000076293945,45.599998474121094,42.599998474121094,45.29999923706055,40790060
2024-07-25,45.25,47.650001525878906,44.0,46.849998474121094,49755480
2024-07-26,45.599998474121094,46.5,44.599998474121094,45.5,35297880
2024-07-29,44.70000076293945,45.95000076293945,44.04999923706055,45.25,30406560
2024-07-30,44.70000076293945,48.150001525878906,44.5,47.150001525878906,40595840
2024-07-31,44.0,44.45000076293945,42.45000076293945,42.95000076293945,48869980
2024-08-01,42.79999923706055,47.150001525878906,41.75,46.099998474121094,58459280
2024-08-02,48.849998474121094,50.79999923706055,48.04999923706055,49.45000076293945,57358420
2024-08-05,57.5,57.95000076293945,51.650001525878906,53.95000076293945,76574180
2024-08-06,53.29999923706055,54.29999923706055,49.650001525878906,52.45000076293945,54386740
2024-08-07,49.95000076293945,54.29999923706055,49.099998474121094,54.150001525878906,51621900
2024-08-08,51.849998474121094,53.349998474121094,48.900001525878906,49.20000076293945,44760760
2024-08-09,49.75,50.150001525878906,48.0,48.5,33119840
2024-08-12,48.25,49.150001525878906,45.0,48.25,25643480
2024-08-13,46.849998474121094,46.900001525878906,44.599998474121094,44.70000076293945,31877300
2024-08-14,44.45000076293945,45.95000076293945,43.95000076293945,44.650001525878906,31784860
2024-08-15,42.95000076293945,43.04999923706055,41.20000076293945,41.29999923706055,32229700
2024-08-16,41.79999923706055,42.099998474121094,40.849998474121094,41.150001525878906,24167140
2024-08-19,41.20000076293945,41.70000076293945,39.599998474121094,39.650001525878906,25837180
2024-08-20,39.849998474121094,40.29999923706055,39.20000076293945,39.95000076293945,28144340
2024-08-21,39.70000076293945,40.150001525878906,38.849998474121094,39.29999923706055,25925380
2024-08-22,38.79999923706055,41.5,38.650001525878906,41.20000076293945,39008380
2024-08-23,40.20000076293945,41.20000076293945,39.20000076293945,39.900001525878906,37260280
2024-08-26,40.099998474121094,41.650001525878906,39.849998474121094,41.150001525878906,26500940
2024-08-27,41.599998474121094,42.099998474121094,40.5,40.75,22568180
2024-08-28,40.95000076293945,43.099998474121094,40.75,42.20000076293945,31284780
2024-08-29,41.75,42.75,40.45000076293945,42.349998474121094,39548260
2024-08-30,41.349998474121094,42.54999923706055,40.79999923706055,41.0,30408580
2024-09-03,41.79999923706055,45.349998474121094,41.75,44.75,33371560
2024-09-04,45.650001525878906,45.95000076293945,43.95000076293945,45.04999923706055,40566500
2024-09-05,45.599998474121094,45.900001525878906,43.70000076293945,45.0,36239240
2024-09-06,45.29999923706055,48.849998474121094,45.0,48.599998474121094,47164600
2024-09-09,47.25,48.349998474121094,46.5,46.79999923706055,33800900
2024-09-10,46.29999923706055,47.54999923706055,45.400001525878906,45.599998474121094,32054260
2024-09-11,45.20000076293945,47.79999923706055,42.400001525878906,42.650001525878906,53279560
2024-09-12,42.650001525878906,43.150001525878906,41.150001525878906,41.400001525878906,36063080
2024-09-13,41.599998474121094,41.70000076293945,40.54999923706055,40.849998474121094,25656480
2024-09-16,41.45000076293945,42.349998474121094,41.29999923706055,41.5,23482560
2024-09-17,40.650001525878906,42.099998474121094,40.349998474121094,41.400001525878906,27272580
2024-09-18,41.150001525878906,42.150001525878906,40.04999923706055,42.0,40146260
2024-09-19,39.04999923706055,39.599998474121094,38.04999923706055,38.79999923706055,44511580
2024-09-20,39.099998474121094,40.099998474121094,38.79999923706055,39.150001525878906,29742760
2024-09-23,38.849998474121094,39.150001525878906,38.54999923706055,38.849998474121094,20588500
2024-09-24,38.5,39.5,38.0,38.25,27176100
2024-09-25,37.70000076293945,37.75,37.0,37.349998474121094,24830700
2024-09-26,35.70000076293945,37.45000076293945,35.599998474121094,36.599998474121094,32128900
2024-09-27,36.45000076293945,37.54999923706055,36.400001525878906,37.25,26741520
2024-09-30,37.5,38.20000076293945,36.900001525878906,36.95000076293945,31352900
2024-10-01,37.099998474121094,39.45000076293945,37.0,38.599998474121094,43234720
2024-10-02,38.79999923706055,39.400001525878906,37.900001525878906,38.349998474121094,30600620
2024-10-03,38.95000076293945,39.150001525878906,37.79999923706055,38.54999923706055,30217200
2024-10-04,37.20000076293945,38.400001525878906,37.04999923706055,37.150001525878906,36795940
2024-10-07,37.650001525878906,38.70000076293945,37.349998474121094,38.400001525878906,24448360
2024-10-08,37.849998474121094,38.0,36.5,36.70000076293945,27781880
2024-10-09,36.75,37.0,35.70000076293945,35.849998474121094,26889340
2024-10-10,36.349998474121094,36.650001525878906,35.54999923706055,36.0,26575420
2024-10-11,36.45000076293945,36.599998474121094,35.650001525878906,35.849998474121094,20375500
2024-10-14,35.400001525878906,35.45000076293945,34.650001525878906,34.95000076293945,22786100
2024-10-15,34.95000076293945,36.849998474121094,34.79999923706055,36.400001525878906,36609620
2024-10-16,36.349998474121094,37.150001525878906,36.20000076293945,36.349998474121094,21924500
2024-10-17,35.20000076293945,36.349998474121094,35.150001525878906,36.29999923706055,26107360
2024-10-18,35.79999923706055,35.95000076293945,35.45000076293945,35.650001525878906,21156360
2024-10-21,35.95000076293945,36.400001525878906,35.29999923706055,35.5,26734160
2024-10-22,36.099998474121094,36.25,35.04999923706055,35.349998474121094,24846900
2024-10-23,35.900001525878906,37.75,35.75,37.04999923706055,37774080
2024-10-24,36.20000076293945,36.79999923706055,36.0,36.20000076293945,26763800
2024-10-25,35.599998474121094,35.75,34.45000076293945,35.54999923706055,45044840
2024-10-28,34.900001525878906,35.599998474121094,34.849998474121094,35.54999923706055,27412340
2024-10-29,35.5,35.900001525878906,34.25,34.599998474121094,33310340
2024-10-30,34.70000076293945,35.45000076293945,34.5,35.29999923706055,32509840
2024-10-31,36.25,38.04999923706055,36.20000076293945,38.0,42506980
2024-11-01,37.70000076293945,37.79999923706055,36.45000076293945,37.20000076293945,43231000
2024-11-04,37.400001525878906,38.0,36.79999923706055,37.599998474121094,33460820
2024-11-05,37.25,37.25,36.0,36.150001525878906,32153520
2024-11-06,34.349998474121094,34.599998474121094,33.04999923706055,33.25,44229660
2024-11-07,32.689998626708984,32.70000076293945,31.520000457763672,31.690000534057617,42129300
2024-11-08,31.84000015258789,31.950000762939453,31.489999771118164,31.6299991607666,37795500
2024-11-11,31.40999984741211,32.22999954223633,31.3700008392334,31.690000534057617,43330300
2024-11-12,31.719999313354492,32.45000076293945,31.549999237060547,31.860000610351562,36984600
2024-11-13,31.979999542236328,32.439998626708984,31.5,32.0099983215332,46369700
2024-11-14,32.099998474121094,32.869998931884766,31.920000076293945,32.68000030517578,41802900
2024-11-15,33.81999969482422,35.47999954223633,33.779998779296875,35.09000015258789,51856700
2024-11-18,34.7599983215332,35.060001373291016,33.90999984741211,34.36000061035156,33242200
2024-11-19,34.91999816894531,34.9900016784668,33.560001373291016,33.689998626708984,43259800
2024-11-20,33.75,35.06999969482422,33.689998626708984,33.720001220703125,53689100
2024-11-21,33.13999938964844,34.88999938964844,33.0,33.38999938964844,61874800
2024-11-22,33.54999923706055,33.880001068115234,33.13999938964844,33.279998779296875,32639000
2024-11-25,32.470001220703125,33.599998474121094,32.16999816894531,33.150001525878906,32534200
2024-11-26,32.86000061035156,33.029998779296875,32.459999084472656,32.619998931884766,24916900
2024-11-27,32.86000061035156,34.06999969482422,32.86000061035156,33.40999984741211,28410500
2024-11-29,33.34000015258789,33.470001220703125,32.459999084472656,32.58000183105469,17108900
2024-12-02,32.36000061035156,32.43000030517578,31.350000381469727,31.530000686645508,31010600
2024-12-03,31.790000915527344,31.899999618530273,31.209999084472656,31.25,24732700
2024-12-04,30.649999618530273,30.780000686645508,30.079999923706055,30.110000610351562,38746700
2024-12-05,30.1200008392334,30.440000534057617,29.989999771118164,30.3799991607666,32747100
2024-12-06,30.299999237060547,30.329999923706055,29.559999465942383,29.59000015258789,38369500
2024-12-09,29.770000457763672,30.5,29.639999389648438,30.309999465942383,34153300
2024-12-10,30.110000610351562,30.8799991607666,29.799999237060547,30.639999389648438,30426900
2024-12-11,29.8799991607666,29.940000534057617,28.8799991607666,28.989999771118164,48560800
2024-12-12,29.3799991607666,29.649999618530273,29.170000076293945,29.56999969482422,36698700
2024-12-13,28.950000762939453,29.479999542236328,28.489999771118164,28.93000030517578,40230500
2024-12-16,28.530000686645508,28.540000915527344,27.540000915527344,27.700000762939453,43557700
2024-12-17,27.979999542236328,28.329999923706055,27.809999465942383,28.06999969482422,35426900
2024-12-18,28.190000534057617,31.360000610351562,27.90999984741211,31.100000381469727,84960700
2024-12-19,30.280000686645508,31.610000610351562,30.18000030517578,31.549999237060547,70611300
2024-12-20,32.290000915527344,32.5,29.639999389648438,30.75,80909900
2024-12-23,29.670000076293945,30.260000228881836,29.020000457763672,29.079999923706055,36581800
2024-12-24,28.799999237060547,28.899999618530273,27.93000030517578,27.93000030517578,22922600
2024-12-26,28.200000762939453,28.520000457763672,27.739999771118164,28.010000228881836,28105900
2024-12-27,28.610000610351562,29.90999984741211,28.540000915527344,29.149999618530273,51107200
2024-12-30,30.350000381469727,30.969999313354492,29.700000762939453,30.34000015258789,49429300
2024-12-31,30.139999389648438,31.299999237060547,30.0,31.139999389648438,48504700
2025-01-02,30.579999923706055,32.15999984741211,30.149999618530273,31.34000015258789,60981300
2025-01-03,30.799999237060547,30.950000762939453,29.639999389648438,29.84000015258789,48951600
2025-01-06,28.899999618530273,29.25,28.229999542236328,28.809999465942383,47795500
2025-01-07,28.65999984741211,30.690000534057617,28.600000381469727,30.3700008392334,62172000
2025-01-08,30.399999618530273,31.209999084472656,30.079999923706055,30.350000381469727,63341600
2025-01-10,31.079999923706055,32.41999816894531,31.06999969482422,31.829999923706055,70688100
2025-01-13,32.97999954223633,33.279998779296875,32.08000183105469,32.150001525878906,48428000
2025-01-14,31.559999465942383,32.93000030517578,31.309999465942383,32.2599983215332,52662700
2025-01-15,30.760000228881836,31.059999465942383,29.84000015258789,30.079999923706055,65539500
2025-01-16,29.670000076293945,30.709999084472656,29.65999984741211,30.690000534057617,45176100
2025-01-17,28.989999771118164,29.709999084472656,28.889999389648438,29.190000534057617,55772500
2025-01-21,28.760000228881836,29.5,28.5,28.700000762939453,42924900
2025-01-22,27.950000762939453,27.989999771118164,27.229999542236328,27.610000610351562,47634900
2025-01-23,28.010000228881836,28.100000381469727,27.43000030517578,27.440000534057617,34692200
2025-01-24,27.43000030517578,28.18000030517578,27.299999237060547,27.93000030517578,33424900
2025-01-27,30.920000076293945,31.040000915527344,29.790000915527344,30.399999618530273,84973800
2025-01-28,30.219999313354492,30.84000015258789,28.84000015258789,29.040000915527344,54027600
2025-01-29,28.950000762939453,29.8799991607666,28.93000030517578,29.229999542236328,57631100
2025-01-30,28.75,29.68000030517578,28.360000610351562,28.850000381469727,47951000
2025-01-31,28.260000228881836,29.209999084472656,27.510000228881836,29.030000686645508,73215600
2025-02-03,30.5,30.920000076293945,29.280000686645508,29.719999313354492,89168300
2025-02-04,29.670000076293945,29.739999771118164,28.549999237060547,28.649999618530273,47218300
2025-02-05,29.100000381469727,29.299999237060547,28.260000228881836,28.290000915527344,36604100
2025-02-06,28.209999084472656,28.469999313354492,27.809999465942383,27.84000015258789,37662700
2025-02-07,27.799999237060547,29.059999465942383,27.489999771118164,28.93000030517578,60039700
2025-02-10,28.229999542236328,28.309999465942383,27.719999313354492,27.90999984741211,44091000
2025-02-11,28.43000030517578,28.450000762939453,27.799999237060547,28.100000381469727,41493800
2025-02-12,29.030000686645508,29.09000015258789,27.93000030517578,28.059999465942383,63932500
2025-02-13,27.81999969482422,27.940000534057617,26.829999923706055,26.8700008392334,63158600
2025-02-14,26.889999389648438,26.959999084472656,26.479999542236328,26.59000015258789,40749100
2025-02-18,26.360000610351562,26.90999984741211,26.309999465942383,26.40999984741211,34460100
2025-02-19,26.540000915527344,26.850000381469727,26.209999084472656,26.399999618530273,37233900
2025-02-20,26.549999237060547,27.450000762939453,26.479999542236328,26.760000228881836,53794500
2025-02-21,26.6299991607666,28.510000228881836,26.6200008392334,28.440000534057617,72280300
2025-02-24,28.170000076293945,29.530000686645508,27.979999542236328,29.469999313354492,70031800
2025-02-25,29.600000381469727,31.270000457763672,29.59000015258789,30.59000015258789,74167900
2025-02-26,30.219999313354492,30.959999084472656,29.469999313354492,30.389999389648438,88550400
2025-02-27,29.780000686645508,32.97999954223633,29.600000381469727,32.91999816894531,102463900
2025-02-28,33.029998779296875,33.65999984741211,31.299999237060547,31.399999618530273,99400300
2025-03-03,30.81999969482422,34.13999938964844,30.530000686645508,33.43000030517578,113839500
2025-03-04,34.09000015258789,35.38999938964844,32.15999984741211,33.810001373291016,124358200
2025-03-05,33.709999084472656,34.709999084472656,32.16999816894531,32.5099983215332,98276600
2025-03-06,34.130001068115234,35.59000015258789,33.18000030517578,35.16999816894531,96844300
2025-03-07,35.47999954223633,36.900001525878906,34.15999984741211,34.470001220703125,103232200
2025-03-10,36.2400016784668,39.36000061035156,36.130001068115234,38.369998931884766,89555100
2025-03-11,38.63999938964844,39.91999816894531,37.04999923706055,38.79999923706055,105534200
2025-03-12,36.959999084472656,38.77000045776367,36.4900016784668,37.4900016784668,103457700
2025-03-13,37.689998626708984,40.0,37.66999816894531,39.540000915527344,83023800
2025-03-14,38.22999954223633,38.380001068115234,36.5099983215332,36.72999954223633,92017500
2025-03-17,36.7400016784668,37.15999984741211,35.31999969482422,36.02000045776367,75624200
2025-03-18,36.779998779296875,38.36000061035156,36.779998779296875,37.84000015258789,68683500
2025-03-19,37.36000061035156,37.83000183105469,35.310001373291016,36.400001525878906,82766900
2025-03-20,37.31999969482422,37.470001220703125,35.56999969482422,36.75,74520500
2025-03-21,38.0099983215332,38.279998779296875,36.279998779296875,36.400001525878906,68491600
2025-03-24,34.75,34.900001525878906,33.88999938964844,34.130001068115234,67052700
2025-03-25,33.95000076293945,34.13999938964844,33.47999954223633,33.52000045776367,48984400
2025-03-26,33.27000045776367,35.18000030517578,33.099998474121094,34.86000061035156,81536400
2025-03-27,35.29999923706055,35.779998779296875,34.400001525878906,35.470001220703125,77610500
2025-03-28,35.93000030517578,38.529998779296875,35.77000045776367,38.29999923706055,86788800
2025-03-31,40.060001373291016,41.20000076293945,38.119998931884766,38.34000015258789,100237300
2025-04-01,38.77000045776367,39.47999954223633,37.220001220703125,37.439998626708984,106254200
2025-04-02,39.02000045776367,39.09000015258789,35.83000183105469,36.599998474121094,127988700
2025-04-03,41.20000076293945,42.63999938964844,40.36000061035156,42.529998779296875,134900800
2025-04-04,46.15999984741211,50.38999938964844,45.5,50.36000061035156,228109200
2025-04-07,55.65999984741211,57.79999923706055,43.220001220703125,50.16999816894531,226398500
2025-04-08,45.099998474121094,55.15999984741211,43.36000061035156,52.970001220703125,214938700
2025-04-09,53.15999984741211,53.22999954223633,33.16999816894531,34.279998779296875,273274300
2025-04-10,36.599998474121094,41.18000030517578,36.15999984741211,38.209999084472656,236162500
2025-04-11,38.650001525878906,39.52000045776367,35.81999969482422,36.220001220703125,149267700
2025-04-14,33.779998779296875,36.599998474121094,33.65999984741211,35.45000076293945,113994400
2025-04-15,35.220001220703125,35.77000045776367,34.31999969482422,35.34000015258789,88296100
2025-04-16,37.439998626708984,40.040000915527344,36.599998474121094,38.540000915527344,108012000
2025-04-17,37.880001068115234,39.36000061035156,37.70000076293945,38.63999938964844,101336300
2025-04-21,40.209999084472656,42.880001068115234,39.970001220703125,41.4900016784668,73386700
2025-04-22,39.900001525878906,40.2599983215332,37.400001525878906,38.279998779296875,109264400
2025-04-23,34.77000045776367,36.130001068115234,33.43000030517578,35.7599983215332,137025200
2025-04-24,35.25,35.400001525878906,32.630001068115234,32.720001220703125,122279500
2025-04-25,32.81999969482422,33.15999984741211,31.540000915527344,31.649999618530273,109494700
2025-04-28,31.59000015258789,32.97999954223633,31.209999084472656,31.690000534057617,102440500
2025-04-29,32.15999984741211,32.279998779296875,30.899999618530273,31.079999923706055,92001600
2025-04-30,32.7400016784668,33.65999984741211,30.770000457763672,31.059999465942383,136844300
2025-05-01,29.59000015258789,30.09000015258789,28.829999923706055,30.010000228881836,135470700
2025-05-02,29.040000915527344,29.360000610351562,28.229999542236328,28.610000610351562,109717200
2025-05-05,29.350000381469727,29.450000762939453,28.59000015258789,29.139999389648438,76202900
2025-05-06,30.299999237060547,30.540000915527344,29.299999237060547,29.93000030517578,96057300
2025-05-07,29.84000015258789,30.829999923706055,29.149999618530273,29.600000381469727,118714200
2025-05-08,28.670000076293945,29.469999313354492,27.90999984741211,28.719999313354492,112919300
2025-05-09,28.420000076293945,29.1299991607666,28.18000030517578,28.799999237060547,76276700
2025-05-12,25.450000762939453,26.43000030517578,25.299999237060547,25.31999969482422,136716100
2025-05-13,25.1200008392334,25.229999542236328,23.889999389648438,24.15999984741211,119928700
2025-05-14,24.0,24.139999389648438,23.65999984741211,23.739999771118164,96865600
2025-05-15,24.040000915527344,24.229999542236328,23.299999237060547,23.649999618530273,113833400
2025-05-16,23.5,24.0,23.3700008392334,23.3799991607666,84396000
2025-05-19,24.3700008392334,24.389999389648438,23.260000228881836,23.34000015258789,123828900
2025-05-20,23.690000534057617,24.06999969482422,23.489999771118164,23.59000015258789,84873200
2025-05-21,24.1299991607666,24.81999969482422,23.219999313354492,24.559999465942383,152548000
2025-05-22,24.5,24.690000534057617,23.90999984741211,24.440000534057617,140469700
2025-05-23,25.610000610351562,25.690000534057617,24.799999237060547,25.15999984741211,166219700
2025-05-27,24.149999618530273,24.389999389648438,23.329999923706055,23.399999618530273,110030200
2025-05-28,23.270000457763672,23.790000915527344,23.079999923706055,23.719999313354492,82424700
2025-05-29,22.709999084472656,23.950000762939453,22.690000534057617,23.579999923706055,111652300
2025-05-30,23.690000534057617,24.719999313354492,23.520000457763672,23.729999542236328,129798800
2025-06-02,24.0,24.18000030517578,23.149999618530273,23.18000030517578,91918900
2025-06-03,23.149999618530273,23.270000457763672,22.459999084472656,22.639999389648438,83054400
2025-06-04,22.579999923706055,22.84000015258789,22.34000015258789,22.479999542236328,73762500
2025-06-05,22.299999237060547,23.260000228881836,21.940000534057617,22.989999771118164,144827300
2025-06-06,22.34000015258789,22.579999923706055,22.100000381469727,22.350000381469727,94703700
2025-06-09,22.329999923706055,22.469999313354492,22.049999237060547,22.270000457763672,72014900
2025-06-10,22.219999313354492,22.5,21.739999771118164,21.809999465942383,76179100
2025-06-11,21.670000076293945,22.34000015258789,21.520000457763672,22.059999465942383,105720800
2025-06-12,22.239999771118164,22.270000457763672,21.790000915527344,21.920000076293945,89000900
2025-06-13,22.690000534057617,22.920000076293945,22.170000076293945,22.760000228881836,150581500
2025-06-16,22.31999969482422,22.329999923706055,21.690000534057617,21.81999969482422,91508300
2025-06-17,22.149999618530273,22.6200008392334,21.950000762939453,22.469999313354492,89456200
2025-06-18,22.3799991607666,22.709999084472656,22.059999465942383,22.5,99439600
2025-06-20,22.1200008392334,23.059999465942383,21.959999084472656,22.829999923706055,98464900
2025-06-23,22.760000228881836,23.15999984741211,22.059999465942383,22.1200008392334,128266900
2025-06-24,21.479999542236328,21.559999465942383,21.0,21.110000610351562,82255900
2025-06-25,20.600000381469727,20.920000076293945,20.459999084472656,20.700000762939453,68462200
2025-06-26,20.459999084472656,20.68000030517578,20.09000015258789,20.139999389648438,67947700
2025-06-27,20.059999465942383,20.350000381469727,19.75,19.940000534057617,90334000
2025-06-30,19.6200008392334,19.860000610351562,19.450000762939453,19.56999969482422,59743400
2025-07-01,19.790000915527344,20.329999923706055,19.68000030517578,20.06999969482422,89049700
2025-07-02,20.170000076293945,20.190000534057617,19.649999618530273,19.65999984741211,77465900
2025-07-03,19.450000762939453,19.450000762939453,19.020000457763672,19.1299991607666,62098600
2025-07-07,19.40999984741211,19.809999465942383,19.329999923706055,19.559999465942383,88720900
2025-07-08,19.43000030517578,19.670000076293945,19.360000610351562,19.530000686645508,73723600
2025-07-09,19.329999923706055,19.469999313354492,18.989999771118164,19.1299991607666,82007400
2025-07-10,19.079999923706055,19.5,19.030000686645508,19.209999084472656,63721900
2025-07-11,19.479999542236328,19.600000381469727,19.209999084472656,19.3700008392334,75360300
2025-07-14,19.40999984741211,19.65999984741211,19.100000381469727,19.18000030517578,69357700
2025-07-15,18.780000686645508,19.139999389648438,18.709999084472656,19.1299991607666,85769400
2025-07-16,19.09000015258789,19.670000076293945,19.020000457763672,19.06999969482422,110878000
2025-07-17,19.020000457763672,19.100000381469727,18.579999923706055,18.6200008392334,82035300
2025-07-18,18.520000457763672,18.829999923706055,18.5,18.700000762939453,81233800
2025-07-21,18.6299991607666,18.6299991607666,18.239999771118164,18.420000076293945,79558600
2025-07-22,18.43000030517578,18.979999542236328,18.420000076293945,18.709999084472656,91510600
2025-07-23,18.6200008392334,18.899999618530273,18.469999313354492,18.469999313354492,86494300
2025-07-24,18.360000610351562,18.540000915527344,18.239999771118164,18.350000381469727,75924200
2025-07-25,18.399999618530273,18.459999084472656,18.1299991607666,18.25,67755500
2025-07-28,18.1299991607666,18.219999313354492,18.0,18.079999923706055,64690800
2025-07-29,17.850000381469727,18.260000228881836,17.719999313354492,18.170000076293945,90944100
2025-07-30,18.100000381469727,18.40999984741211,17.8700008392334,18.100000381469727,104687600
2025-07-31,17.5,18.520000457763672,17.489999771118164,18.420000076293945,129099900
2025-08-01,19.040000915527344,19.770000457763672,19.020000457763672,19.520000457763672,183574000
2025-08-04,18.989999771118164,19.010000228881836,18.43000030517578,18.450000762939453,116795400
2025-08-05,18.34000015258789,18.899999618530273,18.219999313354492,18.84000015258789,113794900
2025-08-06,18.760000228881836,18.81999969482422,18.09000015258789,18.1299991607666,118226000
2025-08-07,17.739999771118164,18.360000610351562,17.56999969482422,17.950000762939453,122217500
2025-08-08,17.8799991607666,17.899999618530273,17.459999084472656,17.479999542236328,103585100
2025-08-11,17.479999542236328,17.770000457763672,17.290000915527344,17.65999984741211,82093000
2025-08-12,17.440000534057617,17.690000534057617,16.959999084472656,16.979999542236328,112982600
2025-08-13,16.760000228881836,17.09000015258789,16.709999084472656,16.959999084472656,92316700
2025-08-14,17.149999618530273,17.190000534057617,16.84000015258789,17.010000228881836,118971200
2025-08-15,17.049999237060547,17.420000076293945,17.049999237060547,17.270000457763672,108017300
2025-08-18,17.360000610351562,17.459999084472656,17.229999542236328,17.290000915527344,75415600
2025-08-19,17.360000610351562,18.100000381469727,17.34000015258789,18.0,115501100
2025-08-20,18.110000610351562,19.0,18.09000015258789,18.329999923706055,156049700
2025-08-21,18.5,18.81999969482422,18.280000686645508,18.59000015258789,107385000
2025-08-22,18.479999542236328,18.6200008392334,17.559999465942383,17.75,135568200
2025-08-25,17.90999984741211,18.030000686645508,17.639999389648438,17.920000076293945,67383900
2025-08-26,17.979999542236328,18.079999923706055,17.68000030517578,17.700000762939453,63736200
2025-08-27,17.809999465942383,17.93000030517578,17.559999465942383,17.6299991607666,65062800
2025-08-28,17.59000015258789,17.75,17.229999542236328,17.309999465942383,82608400
2025-08-29,17.56999969482422,18.1200008392334,17.540000915527344,17.950000762939453,96343200
2025-09-02,18.809999465942383,18.989999771118164,18.3799991607666,18.399999618530273,115545400
2025-09-03,18.06999969482422,18.309999465942383,17.81999969482422,17.989999771118164,101674200
2025-09-04,17.93000030517578,18.09000015258789,17.469999313354492,17.489999771118164,84898600
2025-09-05,17.049999237060547,17.8700008392334,16.989999771118164,17.450000762939453,129839600
2025-09-08,17.25,17.309999465942383,17.020000457763672,17.200000762939453,79527800
2025-09-09,17.149999618530273,17.3799991607666,17.030000686645508,17.059999465942383,75753900
2025-09-10,16.790000915527344,17.25,16.780000686645508,17.049999237060547,96159300
2025-09-11,16.84000015258789,16.989999771118164,16.700000762939453,16.760000228881836,90895100
2025-09-12,16.719999313354492,16.790000915527344,16.459999084472656,16.559999465942383,75183600
2025-09-15,16.43000030517578,16.43000030517578,16.139999389648438,16.139999389648438,86983900
2025-09-16,16.079999923706055,16.260000228881836,16.059999465942383,16.190000534057617,65310800
2025-09-17,16.209999084472656,16.760000228881836,16.15999984741211,16.299999237060547,159519200
2025-09-18,15.899999618530273,16.06999969482422,15.630000114440918,15.859999656677246,127591100
2025-09-19,15.729999542236328,15.84000015258789,15.5,15.550000190734863,100438700
2025-09-22,15.640000343322754,15.640000343322754,15.239999771118164,15.289999961853027,87101500
2025-09-23,15.289999961853027,15.699999809265137,15.270000457763672,15.600000381469727,101860200
2025-09-24,15.270000457763672,15.75,15.239999771118164,15.529999732971191,102498000
2025-09-25,15.84000015258789,16.1299991607666,15.609999656677246,15.739999771118164,162480900
2025-09-26,15.699999809265137,15.960000038146973,15.539999961853027,15.550000190734863,103600600
2025-09-29,15.319999694824219,15.460000038146973,15.100000381469727,15.34000015258789,100638600
2025-09-30,15.390000343322754,15.5600004196167,15.210000038146973,15.229999542236328,107226200
2025-10-01,15.479999542236328,15.550000190734863,14.979999542236328,15.010000228881836,112487900
2025-10-02,14.75,15.050000190734863,14.739999771118164,14.84000015258789,101179500
2025-10-03,14.800000190734863,15.1899995803833,14.739999771118164,15.050000190734863,124182100
2025-10-06,14.670000076293945,14.850000381469727,14.59000015258789,14.710000038146973,103560800
2025-10-07,14.630000114440918,15.0600004196167,14.579999923706055,14.949999809265137,113622900
2025-10-08,14.890000343322754,14.90999984741211,14.420000076293945,14.4399995803833,109632100
2025-10-09,14.449999809265137,14.729999542236328,14.4399995803833,14.5,112521500
2025-10-10,14.479999542236328,16.06999969482422,14.350000381469727,16.030000686645508,294838100
2025-10-13,15.199999809265137,15.40999984741211,14.9399995803833,15.020000457763672,159382900
2025-10-14,15.520000457763672,15.90999984741211,14.970000267028809,15.3100004196167,190624000
2025-10-15,14.869999885559082,15.489999771118164,14.65999984741211,15.010000228881836,159863700
2025-10-16,14.800000190734863,15.510000228881836,14.550000190734863,15.170000076293945,180795100
2025-10-17,15.350000381469727,15.470000267028809,14.770000457763672,14.890000343322754,200471800
2025-10-20,14.670000076293945,14.670000076293945,14.25,14.329999923706055,104458800
2025-10-21,14.34000015258789,14.5,14.260000228881836,14.350000381469727,88496900
2025-10-22,14.399999618530273,15.180000305175781,14.359999656677246,14.789999961853027,174680400
2025-10-23,14.819999694824219,14.850000381469727,14.350000381469727,14.399999618530273,117776400
2025-10-24,14.050000190734863,14.109999656677246,13.869999885559082,13.960000038146973,136905400
2025-10-27,13.470000267028809,13.5,13.1899995803833,13.220000267028809,110122400
2025-10-28,13.09000015258789,13.15999984741211,12.8100004196167,12.920000076293945,117345900
2025-10-29,12.770000457763672,13.100000381469727,12.680000305175781,12.760000228881836,147911400
2025-10-30,12.979999542236328,13.350000381469727,12.899999618530273,13.350000381469727,176963600
2025-10-31,12.850000381469727,13.329999923706055,12.850000381469727,13.15999984741211,169224900
2025-11-03,12.800000190734863,13.130000114440918,12.75,12.989999771118164,115192200
2025-11-04,13.539999961853027,13.829999923706055,13.3100004196167,13.789999961853027,182266500
2025-11-05,13.84000015258789,13.930000305175781,13.300000190734863,13.510000228881836,139605300
2025-11-06,13.619999885559082,14.369999885559082,13.609999656677246,14.279999732971191,204869600
2025-11-07,14.539999961853027,15.210000038146973,14.420000076293945,14.430000305175781,228443200
2025-11-10,13.800000190734863,13.9399995803833,13.40999984741211,13.479999542236328,149304800
2025-11-11,13.65999984741211,13.859999656677246,13.520000457763672,13.59000015258789,115672200
2025-11-12,13.390000343322754,13.850000381469727,13.380000114440918,13.630000114440918,129829000
2025-11-13,13.869999885559082,14.619999885559082,13.829999923706055,14.479999542236328,173631100
2025-11-14,15.130000114440918,15.289999961853027,14.130000114440918,14.449999809265137,224004400
2025-11-17,14.649999618530273,15.100000381469727,14.199999809265137,14.84000015258789,198379100
2025-11-18,15.149999618530273,15.75,14.9399995803833,15.380000114440918,284202600
2025-11-19,15.329999923706055,15.520000457763672,14.619999885559082,15.119999885559082,192390800
